"INDEX","TARGET2"
3,2.8242006684688
9,3.20327307025448
10,1.52660357763914
18,2.05572060927912
21,2.31213026824835
30,5.20330397561101
31,1.47628955362483
37,4.38657148958304
39,1.19757562496582
47,3.41543018315875
60,2.17051161318598
62,1.91639604303857
63,2.73869622185337
64,3.25437167018451
68,2.16757318643815
75,2.02819183754022
76,2.14615294962093
83,0.361508512647437
87,3.0651210076497
92,5.24278630095444
98,2.05543699575064
106,3.22207184234711
107,4.87711629974144
113,2.15830390544155
120,3.18720971368106
123,5.34164478434857
125,2.35530134372166
126,5.62141910172943
128,4.27389028045187
129,2.01126715203576
131,3.84541268531246
135,3.34845077669464
141,3.92821370412597
147,2.73600373612176
148,2.15793021039054
151,3.31587422251192
156,2.55470320799732
157,3.175934460411
174,2.72310959485044
186,2.58620831059965
193,2.24353680282686
195,3.00021036016916
212,2.22488633326544
213,2.4188829093294
217,2.67041342969493
223,3.46770013971472
226,2.85967599457511
228,4.18259396972298
230,3.66772565335446
241,2.11654470656498
243,3.26600797196075
249,2.9503434909639
281,3.65543733052146
288,1.34883608540577
294,1.46632523801958
295,1.7769356858347
300,5.11082838345689
302,3.25988070598221
303,3.39290811410732
308,2.54448500297139
319,4.37369480363432
320,2.7680087624039
324,2.26762377113844
331,2.2859562439143
343,2.36602156685278
347,2.04700330441938
348,3.24481453494967
350,3.93635435562951
357,1.92958372742271
358,2.97821280076138
360,3.91076148211382
366,3.24548323452779
367,2.32351664302556
368,4.48513922838215
376,1.78912344207278
380,2.94519186569261
388,1.22417359497788
396,3.69679938443046
398,4.30667841977593
403,3.4743896385035
410,1.23489278390608
412,4.84948631956568
420,2.21656263868989
434,1.97452469744602
440,2.6399286430065
450,2.52965007040902
453,2.29265007370614
464,4.41221943571431
465,3.76685845014556
466,4.35737414875708
473,1.90109045870265
476,3.41661062685336
478,3.19531860196519
479,2.89234288059048
493,2.46861801049929
497,2.52557426137157
503,3.23830811921305
504,2.24843828755718
505,2.01619853348035
507,1.77033747604113
513,1.92444559401265
519,2.2134116064676
521,3.15278424028057
522,3.37462154445329
545,2.39630329490483
549,3.60181755106551
551,2.70166882788741
556,6.13946408403434
557,5.96027730638098
559,2.37508929262098
560,2.09865010744256
566,2.88838789311257
569,3.27709321599472
573,2.21298537061202
578,2.59991939888944
579,4.80151387791976
582,3.68898436991579
596,3.73224522715206
598,1.64633607508922
599,2.53015860658284
602,2.31479792810515
605,2.63325363974992
617,2.36311008377449
619,4.73436912664634
630,3.04849568710073
634,2.56660965420547
643,1.84298867534771
645,1.27383062689532
647,3.82619341048689
649,2.27672709705891
656,3.08482336477237
657,3.82388986363059
658,2.78360758365347
667,3.07663309769014
692,2.94935193379716
693,3.66849001865117
698,0.832884789138209
699,2.86178813301243
700,5.91442607799697
704,2.69875109404647
707,2.57776421229432
708,3.9791528693136
709,2.59303032830008
713,1.63327663755282
714,2.31391551421807
716,1.43970022806863
718,3.26154179307537
722,3.10608895036101
729,6.06143863745028
731,2.13921659340096
733,2.79598789469996
746,2.57224675412482
747,2.46398142010739
748,2.40216485587757
753,2.07981201465823
757,2.17659469050546
763,2.7841349260054
767,5.11729409932002
774,2.20058407845466
776,3.51099579352676
788,2.35360262505402
794,3.21062048429824
799,3.30469005204536
803,3.65626950603925
806,3.41915226009738
807,2.7105139498488
811,3.71487763134506
816,5.58974555849894
818,2.34786798628817
819,2.52829020086655
831,4.93006116936886
835,4.20350823087992
837,2.28988168714123
841,4.29729515881713
846,2.20952025829585
856,5.32196336477209
861,3.04436983961087
862,6.29010989785007
863,2.41539480086609
865,3.24935392830251
871,2.37582422505735
879,2.92788112846081
880,2.31405825334867
881,2.10319785548384
885,3.0933667863221
887,2.26678358011242
892,3.19725444185952
898,3.22169770287121
900,1.83748242584111
904,2.82299830023056
906,4.78697964112341
910,3.53961181281357
912,3.29686938359099
913,2.25224354808048
919,4.34043646270524
924,2.5091309282811
925,2.82460437525324
930,2.64803833147503
940,1.67173932806554
941,3.39270413796825
946,1.53864278316575
949,4.36921880628073
951,2.37421825878844
962,3.47548131291309
966,1.94923843984646
967,4.49134538693333
971,3.5998966946071
981,2.69752785396641
982,2.1385667506125
983,3.2186221330635
984,3.89237712982172
989,1.5180062053754
990,3.9232504341587
992,2.38602472126692
995,4.82492028295263
996,2.47639490050871
998,2.0237081182277
1001,3.58240624322068
1007,3.03055921099839
1008,1.98589892850322
1016,2.26287384654865
1022,2.08110959632299
1027,4.49373858234969
1032,4.25884786683707
1033,2.83709209921311
1041,3.3729421919613
1065,2.42205548301227
1074,3.20407598051199
1075,2.20990054095736
1081,2.3141010986843
1094,3.68350351082272
1099,2.5731123935838
1105,2.17208537843333
1123,3.82662487221731
1135,3.18770075082289
1142,2.1432942534978
1155,1.85547168381493
1169,2.30287844095538
1176,3.00479131966429
1178,3.40177101466607
1180,2.85244060239747
1184,1.60996919997365
1185,2.41892800444595
1193,2.40906718080296
1196,2.29341953871097
1199,2.15037644393838
1203,1.21028629795182
1205,2.17105676141669
1207,2.0329132834209
1208,3.1939135037484
1212,1.30902644371815
1213,2.61179284947443
1222,2.28412188711367
1223,2.96827465869679
1226,3.23503928766389
1227,5.33658683879036
1229,2.44062504609711
1230,4.17112696481681
1231,2.62412772688656
1241,1.95394610952141
1243,3.69010210930038
1244,5.43993307753202
1246,4.05971949976772
1248,2.3136764356888
1249,3.27296614285459
1252,2.63716853007802
1261,3.54921903721877
1275,2.9766997473248
1281,3.61751531018445
1285,3.49811800755036
1288,3.92748092548624
1290,2.82312736374765
1291,2.93155996025612
1304,3.36645702102754
1305,2.37246504470413
1323,3.42170816200535
1342,2.8805197213987
1348,2.06200049033257
1353,3.07361410949195
1363,2.63427573264757
1371,2.65967125481879
1372,2.21134770358638
1378,2.86652963284059
1381,2.3903589537023
1382,3.7249043410147
1393,3.13276488988426
1394,4.8604723698479
1398,5.40084055360999
1404,2.76259854008861
1405,2.772246551076
1419,2.86518840615443
1421,2.15054005438071
1426,2.35482238466326
1431,2.99726818548305
1435,2.56673929251955
1437,3.52358292227169
1438,3.50520960366828
1442,1.33206158485554
1464,2.55734224887484
1471,2.81016617434458
1473,3.82406243180977
1476,2.44622885486523
1478,1.84604356237374
1479,3.5660830231815
1487,5.02819281470926
1492,4.05800368565324
1496,2.62731257866544
1497,3.12525833631385
1515,2.95678897547636
1519,2.85900760206454
1522,2.40535657771356
1526,3.3429788685442
1537,2.59644845835542
1538,3.79921070765275
1540,1.53008665017321
1543,2.8433197647847
1548,2.50249615528903
1549,3.40926816949165
1556,2.35326772824482
1564,3.37576431063418
1570,2.97733046978812
1577,1.72167890743822
1585,3.76192134020193
1590,3.56500946205049
1592,2.49317150509606
1594,2.1115111215948
1596,6.77086144644009
1598,4.60530118538997
1603,3.20447833851778
1607,2.22587129280196
1612,5.34020671699293
1627,4.00718804978111
1629,3.16985045961366
1630,2.79119024602618
1640,5.06299649511399
1641,3.80719105301855
1646,3.38694537296073
1662,3.46735264451088
1668,2.86137806083714
1671,1.92063082332754
1672,3.80332403009199
1673,5.67857026225835
1686,3.55721183454195
1688,3.34485551539786
1696,3.02992755353372
1701,4.37747536186662
1707,3.58319243137094
1708,3.12133024857105
1713,3.08772263933634
1715,3.07693174559354
1717,2.43156771784925
1721,2.71335111647225
1724,2.10237803054091
1725,2.60299177694903
1730,3.17962336799768
1731,3.47175267173288
1734,2.16602727553588
1740,2.72455038396903
1748,2.38872499874856
1749,2.99336106177308
1750,5.31982013225746
1763,2.73769276423776
1768,4.03996446352374
1773,1.91650963956951
1777,4.85345459838762
1778,1.39352442068822
1780,3.06276186931091
1782,1.52533591427157
1784,3.85306953521875
1786,3.03550226458954
1787,3.38899594020999
1792,1.90667624600989
1800,2.39927353175598
1801,2.45234295828403
1803,1.93936467024346
1804,3.01089708606821
1807,2.2664804765791
1818,5.69696028331303
1821,3.15636031322599
1822,3.96564633585594
1828,2.69382534983795
1833,3.30374621634283
1844,3.21711484566816
1847,2.7361277746545
1850,2.21015604790079
1854,3.13852219177747
1858,3.97105087555469
1864,3.08130727612388
1867,0.301510290336288
1876,2.82220273756377
1880,3.16235396442824
1881,1.17849304929436
1891,2.78735823393855
1894,1.26396387483593
1895,3.52037240122443
1901,3.93188686150315
1905,3.32491715001047
1912,5.61551273135195
1918,2.41625578267475
1921,3.31763985598572
1923,2.51338632882116
1924,3.62246707031842
1931,1.78311148635964
1941,3.79667070640635
1950,2.06428000068494
1951,3.85858784741293
1954,4.13465775241491
1961,2.87572063921479
1966,3.3782346598781
1979,3.58856068264898
1982,2.75004733956583
1987,2.60696194742391
1997,2.65870462526172
2004,3.557932428307
2011,4.25832354665027
2015,3.05821270438914
2025,6.92042652763361
2033,2.76459705182951
2034,3.6212578056858
2035,3.33865847006188
2036,2.17181818821712
2053,2.14078559912084
2059,1.56494608963704
2060,2.92307321310858
2073,2.70558699656993
2084,2.77326067353878
2089,2.93635507467359
2092,2.35657457376694
2109,4.50067229182034
2129,3.35239473430988
2134,3.77495008620239
2135,4.68380018401273
2148,2.843222811426
2149,3.16171552525404
2150,2.01718055982539
2165,2.21411920791836
2166,2.15326927351639
2168,4.04550653002168
2170,1.85939757805475
2171,2.1994504437409
2172,1.60107129148283
2176,4.63698850276768
2182,2.52686840844321
2189,1.74552215222562
2191,4.30282306500255
2197,2.59393655019534
2202,3.92645617870432
2203,2.49980436165337
2204,0.809896181348182
2206,3.92441235709487
2218,0.881653618712388
2219,2.8088950840915
2221,2.75028123227755
2226,2.95827661454536
2228,2.43239031510341
2232,3.42175359400032
2236,1.06988620314665
2241,2.37924598586702
2245,4.74499403700455
2251,2.97878259259171
2255,4.96496321293033
2256,3.12712311201064
2259,3.02339201697637
2263,2.83265827425653
2264,3.22202201344732
2267,2.79845839186167
2273,1.43563312365753
2277,3.74165397887986
2287,2.83899837122155
2289,2.85821741084748
2291,2.11369967422899
2296,1.0541761252714
2299,2.57919872041565
2306,2.64576483244195
2314,3.46840944000884
2317,2.41444293273151
2318,3.25355346133258
2321,3.78105996324867
2324,2.90277171361135
2340,2.53416583478807
2343,2.11318054694649
2349,2.40686673982756
2352,4.60377957536464
2353,2.36645642844068
2365,1.60129340331852
2370,2.88624911392927
2378,2.75174052743139
2390,1.46639551414273
2399,3.57307638401869
2402,2.9839054808409
2403,3.08370782933821
2404,3.42267259686847
2414,4.86161358020671
2422,2.75947118846436
2424,2.84678223990907
2430,3.33429315127023
2435,2.61699898029438
2439,3.43146570522007
2442,3.53130539715919
2445,3.19187753453696
2449,4.99554196967308
2451,2.66929348106575
2461,2.05127084768012
2464,3.31458754252747
2465,3.32022507158041
2472,2.53994696956758
2476,2.11070560499133
2482,2.71449439573806
2487,4.76623989332782
2498,3.63745729738174
2501,3.25678600673793
2504,2.0957909846614
2511,1.73238256246745
2518,4.57503455206629
2521,5.06591015532293
2530,2.32903705680132
2543,4.00264709590977
2545,2.93472326543518
2561,3.18853531922106
2566,2.69946094350171
2572,2.58044012361899
2577,3.10344406484004
2578,3.64033841881969
2580,1.2817010506718
2581,3.93494454634897
2582,3.73299748416568
2584,2.43147369918921
2590,4.02053668100308
2598,2.41157926546823
2602,3.09290831921823
2605,4.61361839267001
2616,3.38835901126124
2618,2.45552793966291
2619,2.44418454966172
2624,4.42005887691105
2632,3.59426365993678
2640,3.24973625984647
2646,3.96020421905586
2651,4.07917450324623
2660,3.04512227070473
2661,3.22054155690514
2668,1.99112587504258
2670,3.84402914832374
2680,2.0585473094801
2681,2.94038226853935
2689,2.39131004679915
2694,5.02216191886296
2695,3.12806419608692
2696,2.50620910426182
2702,2.26609064616882
2704,2.8506913372017
2708,4.37558354904341
2709,1.44398368003441
2714,3.51274582488983
2716,0.2563940086027
2723,2.798815981457
2725,2.71724353771205
2738,0.408840825488646
2750,3.2126285415341
2756,3.15085880703885
2758,3.30649841670469
2766,2.56499352657769
2767,3.07183299825677
2771,1.99880495800506
2775,2.84498343448675
2776,2.21498985691686
2779,3.32553728015815
2780,2.66299598719712
2781,3.15880545413474
2782,4.06173952779386
2783,3.19060235658096
2796,2.92846964091652
2798,2.08217219262027
2800,3.12922063011696
2803,6.85142720032385
2806,5.0185903030181
2813,2.59783640416146
2818,2.7109616494539
2821,4.83291837664675
2825,3.87859801571574
2829,1.4940343605238
2830,2.47701764051554
2833,3.59851047559057
2839,2.48518870022329
2843,4.01858878542519
2846,3.54877809309993
2847,2.61197896145523
2848,5.63634587062493
2856,3.74874927978003
2863,3.91444178009197
2867,4.42565849919214
2869,2.98778869988093
2873,4.04324681631529
2874,2.86055013376018
2875,2.6823655020299
2880,2.56577204758876
2886,2.91959047998468
2887,2.57311897452091
2888,1.89824278550055
2889,2.11803131791858
2890,4.80186468159478
2892,2.51790186365148
2901,3.04094267810168
2902,0.780833674106627
2905,1.64996010739036
2917,1.02054138567572
2922,2.17527584506247
2924,3.45048358354157
2930,5.22209365617632
2931,4.20311239400421
2946,2.50734703690032
2955,3.34530413706998
2962,2.29477271434185
2964,2.61094440108528
2965,2.31099241066555
2967,3.90223649950685
2970,5.21458042187562
2973,6.11751560934411
2974,2.29967885245416
2976,3.47451491406534
2977,2.94893239427535
2978,2.18508231634844
2986,4.07107782487234
2988,4.76237608623231
2989,4.20641458609544
2995,3.59338099259667
3005,4.1349456961332
3011,4.09743812314535
3013,2.6211234481423
3019,2.73438848245497
3021,1.85020744484323
3022,4.85184327651773
3029,2.06139980825632
3037,2.83921433488438
3042,2.16688162900707
3043,3.33864092029836
3049,3.15316464827342
3050,5.62588208783362
3053,2.4119771896609
3058,2.7256835586149
3062,3.91953575500333
3063,3.52767136237927
3065,4.58309774705185
3080,2.37705244377106
3088,3.56396115031437
3093,2.77812161458767
3096,5.05686366007012
3101,5.44020751733801
3103,2.09932313966548
3107,5.41996899610526
3109,3.8864913702203
3111,5.36469841066049
3113,4.01689424890174
3116,4.07548791024448
3132,2.85322920972257
3141,4.61967971920928
3153,2.84111645669596
3154,3.29285970174866
3160,3.47077234928163
3167,3.98126701876921
3170,2.9967546009212
3173,2.35765722101617
3174,3.42399313377855
3177,4.60165974315954
3179,3.00120334706841
3184,1.89792053471132
3190,2.31556074887484
3193,3.93924570534024
3199,3.655532290773
3201,2.80432742790302
3202,2.45597411633671
3203,2.65092786568604
3206,2.5488290017619
3209,2.37964537089079
3210,1.72239204512156
3217,3.86256756528828
3220,3.6715988782027
3228,2.44634344856875
3232,2.44755690108733
3239,2.01857075511328
3243,2.74924522370803
3245,2.51979050005774
3246,2.52098066168482
3251,4.17774851961093
3253,4.22301925219878
3257,3.32967924702749
3260,2.66856734486422
3261,3.79590386251418
3263,4.73337503542961
3278,3.26663053644754
3281,3.12486917159643
3283,4.72293114606706
3290,1.86460265690423
3297,2.76056208941009
3304,2.22962683350738
3305,2.70275795530051
3307,3.49578811890874
3308,2.12095680158765
3313,2.21890120731342
3314,2.82161305336712
3317,3.64881886972691
3348,2.90290435359286
3350,1.88449737044363
3359,3.79049788565819
3367,2.5173493814569
3376,2.82438882216788
3378,2.49071245521147
3384,3.02169113134248
3386,2.7231497052428
3387,3.32781316502627
3388,2.29133752358296
3390,3.51388746294985
3391,2.8725452935035
3396,0.286340886107933
3398,3.26346935156263
3404,4.63871986393856
3406,4.46453041646471
3407,3.35190845777122
3414,3.83967779331526
3419,2.60414411588762
3423,2.01883926480677
3427,2.90641151531007
3432,0.973089130997467
3434,2.56011520431605
3438,1.9827922307065
3442,1.67049991708045
3443,2.92244591220254
3448,1.44325422453173
3456,2.56608646268541
3464,5.41239163889403
3470,2.52026146214924
3475,2.99047205393409
3477,3.373095982743
3490,2.37101858992332
3493,3.09144206925005
3502,2.58941951803815
3508,3.77560797908482
3516,2.60794047367865
3517,3.16400962717843
3525,2.85426675169012
3532,2.62626371414367
3535,3.15539335828015
3536,4.14675535448088
3540,2.4942718296696
3547,2.515460968646
3550,2.94939032989334
3557,1.77621766359981
3562,2.32596273802062
3563,2.55278952682102
3564,2.40286255552715
3570,3.05749326311427
3573,2.33702638794639
3577,2.31794537673135
3579,2.85274148901188
3581,2.18716369023991
3587,2.69050875437115
3602,3.05864824809868
3609,2.60866286800254
3612,3.04188932920611
3621,3.03063083975291
3642,4.45876312716639
3647,2.97972093789714
3649,2.4924607000097
3654,1.14832539935873
3660,4.02483661581405
3665,4.01328198482889
3669,2.89527563873181
3673,3.35104449139636
3675,3.07861861592206
3678,2.90627250742614
3680,3.05751395754506
3686,4.36384141587321
3693,3.87806122686855
3710,1.92556239145869
3713,3.79994371472413
3718,4.43909746656488
3725,2.77955218706088
3726,2.68913876643955
3747,1.97505380065701
3753,3.09831903636231
3754,4.50149801917726
3760,4.5203859298545
3763,1.9707490110793
3765,3.44051056658106
3769,4.26927839266435
3771,2.77427145722051
3784,1.00411498261125
3787,3.40722000542606
3794,2.98451745993247
3796,2.89653518229984
3798,3.72486958702476
3809,3.3367468471749
3812,4.61860358533146
3819,1.96998115736444
3828,3.75606454003045
3831,4.82647656666798
3833,3.02931052049626
3837,4.4900706035247
3839,1.92735208523787
3843,3.40790975583172
3846,2.85845419744463
3854,4.59619671396224
3861,2.84130717227157
3864,2.78331811295081
3868,2.57104173039453
3869,4.39128940346675
3870,2.49111305461966
3883,2.37670268865533
3886,2.62132546950835
3889,3.01806032276194
3894,1.95307424170538
3907,1.95007333715333
3910,3.35832027101731
3913,3.2437784324605
3914,2.79257920676955
3921,5.71651731717768
3923,3.23059842200532
3929,2.08495952864133
3931,2.07049451073363
3932,4.54540786234361
3937,1.33943883129523
3943,1.11194476968056
3956,3.95643677754798
3957,2.70895073661604
3961,5.61818714399207
3971,2.4294046047536
4004,1.92200326401709
4005,1.93811836827891
4006,3.81593562688897
4011,2.40700662993282
4013,4.31477778380312
4014,5.72801154393131
4016,1.51474980284426
4017,4.75428281124736
4020,3.03746256467404
4022,3.19547526019252
4026,1.83596319729644
4032,2.26247881636643
4043,1.79249872550312
4045,3.04909413594699
4048,5.02680162548493
4051,4.35734365347176
4052,2.91505718718108
4056,2.09404315432682
4059,0.502256905504349
4069,4.08887880860928
4074,3.17482329990333
4076,2.24587699688854
4077,2.57736704408739
4079,0.664284947795617
4081,3.37308351398001
4088,3.24351847284479
4105,3.07757166440302
4125,3.11134002270128
4134,2.58836458901791
4139,1.16853160572494
4146,1.78062531036152
4149,3.60897270299808
4151,1.01474165125149
4155,2.70953286487346
4157,1.59876947261305
4168,4.63148828244857
4170,1.83585566549955
4174,2.26373582311982
4179,4.65742871804505
4185,3.59850950485293
4199,2.0871652532707
4205,3.00523124582321
4208,2.90328787140906
4211,2.01907855917407
4212,0.898620277737888
4215,2.78705432576137
4217,2.59143681793166
4219,3.26730258520163
4226,3.56370032666621
4227,2.74928836460911
4229,2.58491605503858
4231,1.13686029322325
4233,2.4207097475452
4237,1.45030519445294
4243,3.56400660197224
4248,3.88335930537697
4255,4.97892911922359
4262,2.25867890662227
4266,2.12044274223279
4268,4.10947194389343
4270,2.17951684556389
4273,3.86169727619535
4276,3.32493200610915
4277,3.06140997617134
4279,1.87037375013722
4299,3.2336003169814
4313,3.88152011723444
4322,3.57622440425385
4324,3.17376297229178
4328,2.24312346267254
4331,2.42664702177781
4335,1.53366044152304
4337,3.03683113901524
4338,2.36866902168015
4343,0.96392682951383
4347,1.42848267648501
4355,2.91147988893527
4357,2.04262883964678
4359,5.60653664331864
4362,1.78244526011662
4368,2.31666983890941
4374,4.55227024212968
4375,4.86915023326034
4378,2.68760887011336
4381,3.77478723638259
4387,3.73760924261479
4400,1.9206148743211
4423,2.65913756026299
4424,2.54841274047606
4428,3.68924428107311
4433,6.46225609265732
4436,2.85055023738851
4437,2.5376720031653
4439,5.66730851653037
4449,3.30254705177969
4456,2.70811578344744
4463,5.0824264241298
4467,1.9778269221151
4468,3.02456769547545
4469,2.0317572242208
4472,3.24889503452103
4473,3.67352979388696
4476,2.12341941950886
4500,2.415760383289
4509,3.67852846041851
4513,1.84929815366037
4521,2.5023437124745
4527,2.27738202864216
4530,1.60828522447492
4532,2.41175553632884
4533,2.34101838585302
4535,2.21706693428802
4536,1.86367642423791
4542,3.15035405964087
4551,1.98011032547488
4554,3.20140872286824
4555,1.79796129733294
4564,2.16007250917164
4572,1.98252484793896
4573,6.03606007397081
4577,2.47284465938411
4579,5.15024237620291
4583,2.6884511877973
4584,5.30526093791367
4596,2.63519016525773
4599,3.482577135326
4607,3.0062165025187
4609,0.99658013517195
4610,3.16416223952662
4616,1.81579481166878
4617,2.5328348848503
4633,3.98409337940426
4638,3.07107287557164
4641,2.57707697744081
4653,6.51830725942904
4655,3.73763911026117
4659,3.99815533939727
4669,2.2447148922701
4678,2.47608842917581
4685,3.58919349925893
4686,2.7237929471328
4691,2.36769173864901
4695,3.85353392987278
4698,3.18016414837359
4700,4.43951606060349
4711,2.60808656245075
4722,3.52349488627476
4727,3.04932614158044
4756,5.53802601808593
4762,2.51123216223153
4763,2.40472151759178
4766,3.88180035225949
4770,2.30858269102209
4784,3.12347736662074
4791,2.999487683919
4795,4.4903708377833
4799,2.46022020727704
4802,3.55459536087247
4805,3.00403749283963
4814,3.9888442817818
4816,2.3367809318413
4817,3.3507968334548
4822,2.72369042205473
4827,2.21825548669519
4833,3.83022503012727
4836,3.15096202969963
4842,2.74784215309484
4844,2.50828039871978
4845,2.36605476754326
4849,3.6434800291818
4850,3.19655029707629
4860,3.90356058846593
4863,2.02357317511483
4871,3.32608711394112
4878,2.83570564708573
4881,2.40847422600846
4888,3.39542042804948
4900,5.22761062540665
4906,3.42795060867652
4909,4.37954564524421
4916,3.30906813545497
4918,4.61187541452189
4926,2.76080907378933
4928,1.72220564388814
4941,2.22901006712
4946,4.20738081989675
4949,3.1964963516776
4956,2.52207009906472
4966,3.54565293165643
4969,2.30384824355185
4973,3.33508026371383
4978,4.32290958560912
4982,1.6886805886472
4985,3.84647628305125
4991,3.0430251363891
4998,2.50150682896779
5000,2.29233717234676
5004,2.21787489511693
5005,2.00588277473812
5011,3.41939867054731
5016,0.671923555580508
5018,2.49903355351518
5034,3.45583099706966
5038,3.39454656018038
5042,5.83147991451059
5046,2.69423223286051
5051,1.26966043926515
5054,3.4928220361625
5057,3.82875069878568
5062,3.13047288430204
5063,3.05561069384258
5065,2.92475980228522
5066,2.42883180478269
5076,2.37554104865632
5089,2.56381533979705
5092,2.03725224324166
5093,3.7899427177469
5094,3.56901845226889
5098,2.98002696063144
5102,2.36389011917576
5112,3.98835994306123
5117,1.95435373378362
5127,2.2774692516735
5130,2.26483007253485
5131,1.70348021671317
5132,2.61209835494388
5135,3.1459015347657
5136,2.69432906991627
5147,4.18955021029611
5157,3.23177039002617
5160,1.79397847849251
5165,2.17887695983424
5166,2.7165299351439
5172,2.26446578349429
5173,2.21685632728951
5179,2.57195845375712
5184,4.85186698569251
5187,1.9875036039051
5191,3.03065803856539
5193,2.48581918887014
5194,3.21327584133836
5199,2.13210120561155
5212,2.81014131813375
5213,2.59116257047911
5224,3.08188235264563
5226,2.03497907207156
5239,3.97298494075027
5252,4.42279069587701
5264,2.38039649673653
5266,1.93980587583768
5271,4.20821987502514
5273,3.30469348733164
5276,2.29236417775971
5278,3.84835548979447
5281,1.51907918784733
5283,2.90713390728308
5291,3.00419590646343
5294,6.00324128709954
5296,3.06112077811715
5297,2.60405449864983
5313,3.09234116727574
5314,2.35090531490149
5321,2.49380661082915
5325,2.6941778050273
5326,2.99486350107603
5328,3.16074326206006
5334,2.4277059276364
5338,3.6111893442249
5344,1.1939007593723
5348,2.41970165489939
5352,3.38187924818648
5353,3.39161102288141
5354,3.58692411736522
5361,0.496066006085309
5364,2.15671727309423
5365,3.43778365386928
5367,2.00519247913992
5379,2.6499024907645
5382,2.40447572231112
5386,4.20268182254708
5395,3.40140061065336
5410,3.60853922916585
5411,2.42560674210579
5416,4.0271070616688
5424,3.65864314232592
5426,2.4350410174033
5428,3.47797101245316
5430,4.54389432351417
5433,3.25215844540758
5437,2.50094589390176
5440,3.33445213545454
5442,4.19188228561435
5445,2.92600616369621
5449,3.22790232501574
5452,2.98306075320012
5460,2.02409484444729
5461,1.76774649981269
5465,2.43474302069015
5467,3.65460367951761
5471,3.80515159595144
5474,3.21961090035095
5475,2.54695535545267
5480,2.78748983047005
5481,3.10501788775477
5484,3.45974929447402
5494,4.90570133172067
5495,2.5228884426262
5497,3.3960662865515
5499,2.56912544769031
5507,3.29274150749081
5510,3.21381624975186
5515,3.09390741829522
5516,1.81705434856811
5517,2.30474130483911
5524,3.47875616686454
5530,5.16095851363731
5534,2.54259075596368
5543,2.81118643109181
5545,2.64553099304251
5558,3.25622805730737
5562,3.53510286304778
5573,6.79271946298691
5581,3.61622464880049
5583,5.04305234773165
5587,3.04168654719166
5589,1.67315874964262
5591,3.61015199343519
5596,2.56796807401343
5606,3.47973158274289
5608,4.22507968898374
5611,2.66082790997608
5612,4.08049988234444
5614,3.87347524249497
5620,3.433930945265
5623,4.91432515292042
5624,1.58319009775996
5626,4.05589175796399
5633,1.6520199801572
5635,2.12275911443148
5640,3.98589706274743
5643,2.54969143184188
5644,5.45859003336375
5653,4.89305765486404
5663,3.57592561530877
5664,4.21146190438856
5667,2.02638086335694
5671,3.20444142159039
5673,2.8364958749227
5676,2.18520314881261
5678,1.49697418206247
5698,1.88388014701604
5700,5.46648868737944
5705,3.02619651477145
5706,4.69289743772124
5711,3.71792357574164
5712,4.50255619998592
5716,2.04389978827661
5719,2.73754609906707
5725,2.1326491118113
5728,6.94227066080672
5734,1.46214274997719
5735,3.63959307263801
5743,2.35456245914351
5754,2.55921263185439
5755,1.93301377167389
5756,4.05562114752492
5766,2.96303036603291
5770,3.31038486853099
5774,2.17383792125021
5775,2.16946653506915
5776,3.21583499009926
5778,5.6431607049488
5786,2.34254441871683
5787,2.9240631006871
5791,4.16717154792506
5794,2.76392513475481
5803,2.80292702638124
5804,3.38706136771892
5808,3.89182298377169
5810,3.07442899681487
5813,3.14422240334467
5828,2.80324243548279
5839,5.43482380913375
5842,3.58049172437039
5843,0.705786682255003
5844,3.04943099537754
5847,1.89452022607975
5851,1.90838830546114
5854,2.9956562508494
5857,2.70696342198051
5866,2.23969267701724
5874,3.14815133857015
5886,2.51875977490167
5895,0.652681099262224
5897,2.39069328329954
5898,2.34673088365989
5900,4.33320818431686
5902,4.17514822979027
5908,1.33993484313475
5909,3.06875368402113
5912,5.80514951859482
5913,2.83200184992453
5917,4.33567744088957
5918,2.67242323904933
5921,2.65779608501602
5931,2.28880072147464
5942,3.51466959677504
5943,2.71667883878457
5950,3.49784010153859
5954,1.55539363361536
5983,2.35857855201185
5995,2.94213858467701
6002,1.91599499884566
6005,3.32322660383959
6009,5.66322588752572
6011,2.30201927722547
6012,4.10462837203527
6019,2.41775956157364
6021,2.43366031107951
6029,4.57892856373273
6036,2.08515051693908
6037,2.49810026328547
6038,1.34103352065474
6043,0.5409998084378
6045,2.89921309902338
6047,2.2270343979618
6048,2.71522561301977
6061,3.51933373829624
6063,2.07218593814675
6064,4.25648861112903
6068,3.93309833708385
6069,2.20839870667511
6070,3.19578804456102
6071,4.87581093782386
6074,3.7245622564084
6079,2.93897360100271
6082,2.36262848554264
6088,3.83571146413985
6094,2.05797473667876
6095,3.36557516068071
6098,2.16039956855141
6102,3.2940796476538
6105,3.63494793009843
6113,3.52422035240847
6116,2.26122557608486
6120,3.38183918491844
6121,2.09809126645376
6126,2.15739119150641
6144,1.13632539862422
6145,2.8146861032158
6153,2.03721481639286
6156,3.03467084285346
6159,3.23118144208618
6162,3.65107092857456
6184,2.39735565624725
6188,2.57633272367074
6189,2.4109742723539
6191,1.89735895845148
6211,2.84927317021442
6216,3.07304372758763
6218,2.67904992103077
6222,2.56979578906249
6235,2.54822455292954
6245,2.20392455282197
6248,2.79195101423362
6253,2.35262050971267
6256,2.11521020765541
6257,3.15638468555018
6259,1.83516732447746
6266,3.71593373253282
6268,3.01825847212476
6275,1.99228267721431
6280,3.19658932893467
6283,2.23979578240225
6288,4.33744229551695
6289,1.9059965883065
6301,3.88466642401372
6308,2.63136389870397
6314,3.40852687728572
6315,1.40648171804705
6316,3.09068064260288
6317,2.47850991579306
6318,2.27488061489648
6323,3.0730253643875
6329,3.31236636514906
6336,2.42210355732546
6341,4.31653802444352
6348,2.95453112771613
6349,3.97842501050671
6365,2.94351492780508
6372,2.7483524595121
6376,2.42004945790066
6378,2.80641753583302
6379,3.99695351800391
6382,2.27971105936857
6383,2.50398732908216
6389,4.37754881587165
6390,1.28430141672928
6392,4.1686239633335
6394,4.10915528815234
6402,2.99377622531725
6404,3.76163397997846
6405,2.32416384623826
6406,2.65967082189314
6409,4.01890882536191
6410,4.31514046987829
6411,3.05687906265938
6421,3.02427369821992
6428,6.41818191048896
6429,2.16512982293002
6432,3.32022407976701
6436,2.01007577876902
6437,3.2484397757709
6438,3.43330102699736
6445,2.66192278005993
6447,3.59987877802652
6450,2.70711834956097
6462,3.58922371191518
6467,3.33503709363748
6478,3.00897742694992
6484,3.95694256827734
6492,3.22961837052742
6497,5.73290361870837
6504,2.35555404429899
6505,2.57076728043983
6513,2.57176851499881
6525,4.43891625607341
6526,3.92415828440025
6528,2.52399394075149
6540,3.42773152072031
6542,3.23942780245682
6544,4.69607046107221
6548,3.32913789758941
6552,2.61875213998154
6558,3.11560536018956
6567,2.09623024973487
6569,4.13405028494985
6572,5.18250152784953
6577,5.09944666813562
6581,2.94177087431362
6588,2.50391582958933
6591,3.67817734244547
6594,2.17164689688402
6600,5.75052660024668
6602,2.81268043203957
6604,2.40338344307113
6605,3.03843482052213
6614,1.96515086255241
6616,2.09200982007281
6621,3.1697853996429
6640,4.23477870973984
6641,2.50948098276329
6643,1.67654091800893
6644,2.56753985166881
6649,1.97985115190199
6650,2.78068967530517
6655,5.40881026071523
6661,1.10399628874592
6672,4.45626347453427
6677,2.59262852824953
6688,1.43742070749526
6689,4.75960496434608
6691,2.41943580548615
6692,4.22434869474069
6694,2.92857316086247
6702,2.10194012225634
6714,2.4416635174647
6716,4.34019970916941
6724,2.73578825323478
6725,2.39033899047743
6730,2.81010174594421
6735,2.47161239588033
6738,2.4692255741826
6739,3.13400849480862
6743,3.27748459839509
6747,2.09314342993068
6750,6.89259494688688
6751,2.9898863371631
6753,3.82571317642854
6754,3.00752817775279
6755,1.88596005196681
6762,2.86630576132746
6764,3.15439807380018
6772,5.09366180241058
6774,2.33591287890142
6787,2.18752325876566
6789,2.01965678836649
6793,3.62127833147862
6798,3.70500072969742
6799,2.37581211043359
6800,3.84989318894906
6802,2.68702748329421
6808,2.52657577287514
6809,3.67067962940172
6812,2.80854716417404
6814,2.4790026053569
6816,2.27864894703389
6822,2.78975087996496
6829,3.13945479034621
6834,2.19704542558343
6836,4.21467369197044
6839,2.95941806099319
6840,2.64974774449324
6843,4.33751487456992
6846,1.69173738029496
6848,2.43246167744008
6852,2.29526178416954
6856,5.08657457150695
6860,3.71489986981696
6866,3.94683045704511
6870,3.54605354061344
6878,4.21398494028276
6880,4.62929864374299
6885,3.59387347280377
6897,3.64886208221743
6902,3.17684195618147
6904,3.740472077508
6907,3.48901377789253
6909,2.95715884240512
6914,1.7757844800854
6915,3.79588273301341
6922,2.30685864835569
6924,1.72977491855287
6933,1.78641629548223
6934,4.18952341384587
6941,3.44640948384008
6957,2.1451146959267
6960,0.667397678811918
6969,1.57266546957904
6975,1.93911291059106
6980,2.57402812599672
6983,2.30641900543342
6987,2.04941404949547
6994,1.72844862933539
6997,4.30876157658535
7002,2.85303334081659
7010,2.07215516548414
7015,2.24133721140902
7019,2.83609182758779
7022,2.93158509598919
7025,2.10988147146171
7029,4.44442841486212
7031,2.23422250746159
7037,2.12475599130238
7038,3.09321165673942
7043,2.04506376353032
7049,3.17744402560571
7052,2.67289168469756
7053,3.9281604490385
7056,2.69357397183314
7057,3.91747797481775
7080,2.95211317995
7086,2.73655653872609
7087,2.30706074522047
7105,3.10812725008118
7108,1.95348420654206
7121,1.8409704146715
7122,1.91016772050028
7125,3.36498753438838
7132,2.99364816774622
7134,2.37264738944861
7151,1.89542089277634
7152,2.88880424570051
7157,2.69408739450614
7159,2.63678855371714
7166,3.00589841042255
7167,2.93693473025026
7177,2.67431481290894
7179,2.52014142558816
7181,3.90844479136001
7183,3.90204941157235
7186,3.28690222612544
7193,4.92069936830444
7205,2.73464623750605
7207,3.32761253441771
7209,2.74052159101539
7216,3.76507502499083
7232,0.381317649811245
7235,2.70699110413472
7238,2.20293871060199
7240,1.84887715957443
7243,1.79919383252378
7252,2.03654062902445
7269,2.11848108339337
7275,3.15894425725694
7281,1.26128011021252
7283,1.99879758180231
7287,5.99472345913412
7289,5.29138232775872
7291,3.60414701872902
7294,5.68699496320148
7304,5.09147036434506
7308,2.89289029780668
7313,2.50206103816687
7319,2.61532203559191
7325,2.53916374080469
7326,2.12209131335227
7330,4.54688375792075
7332,3.20754161359872
7337,2.10758238861419
7341,2.1542458993569
7346,2.86242495255918
7353,2.02902555246351
7354,3.54903408930391
7361,3.23481043926423
7366,3.04512104031997
7368,4.74705937283593
7372,2.83663476128789
7375,2.41623210396415
7377,5.69008963307424
7380,4.30481519407378
7382,3.95491818730779
7385,2.56459262626697
7392,1.93057328013733
7395,3.54379165878504
7397,2.78423676389298
7403,2.90874616410731
7406,3.05424095490689
7409,1.05709483920459
7410,3.24271420548462
7412,2.80213707750246
7419,2.62712666302428
7425,2.65818547543577
7435,6.99728351226529
7438,3.18049722670443
7440,2.99036092652192
7447,2.74150136455098
7449,1.92428856123591
7456,3.28691728059978
7464,3.36967684456799
7478,2.30261291538409
7480,2.60541233407515
7481,4.89219067600469
7483,2.26277687917275
7484,2.62627524031838
7491,3.54193086668919
7494,1.72981066334002
7501,2.04415554036841
7503,3.66619564169132
7509,1.80771680243082
7517,2.66731480656988
7518,5.7350495413617
7519,1.6681081290212
7521,4.97351814095849
7522,2.36558606410112
7536,3.15072324472307
7539,2.14450735946847
7547,5.37228083885047
7549,2.89947496453341
7552,2.5172956727557
7554,2.56582344955629
7556,2.42402689816319
7564,3.10725208227154
7566,3.30870260613915
7570,3.83505738056577
7571,2.97423866452015
7572,2.92139942183889
7575,1.78229502566301
7586,0.721427614518545
7589,4.34903473745437
7590,2.45323679925896
7597,3.24152962377031
7602,3.65225650372674
7604,3.96363197233354
7605,2.5124131029043
7612,1.2436298930559
7615,3.37670467226659
7617,3.00667105597974
7624,2.95437169773019
7632,3.77631449834563
7639,2.5562650387436
7642,2.42997190352561
7643,2.63720223865308
7649,2.56164629391901
7650,2.59536341416333
7653,3.40207272190031
7654,3.3904837708837
7657,4.83891185623766
7662,2.17755484861775
7669,3.36469328355292
7671,2.02893268984375
7675,3.15004656248271
7678,3.81620959124474
7682,3.75674461520515
7688,2.68823139032773
7689,2.88363751062782
7690,4.10803039872641
7692,1.93211013595372
7699,3.93959526115809
7705,2.68730879791241
7712,2.71567853294649
7726,3.97377243861449
7728,1.49998674395745
7735,1.82816772202874
7737,2.26811569852896
7739,2.96615464768626
7743,4.4491199336578
7744,4.24466850777474
7746,2.15696370383532
7749,2.0295120530418
7750,2.82335501293421
7752,3.40498760480334
7755,4.41023713488492
7756,3.07184585577481
7762,3.9783207862955
7764,2.64451974016775
7769,2.18875333260089
7770,1.98906059891514
7776,4.62559346113493
7778,4.83757661489865
7784,2.33222459493845
7786,2.30224907670716
7789,2.71149627833386
7793,2.29849123850498
7794,2.72613496169103
7804,2.8317344728021
7811,3.35632678838819
7813,2.61450816673045
7815,1.63025954022041
7817,2.69450434292819
7818,3.12675542349858
7821,5.63973167651731
7825,3.21193262631522
7830,4.67786424735369
7832,3.19445041070879
7835,3.48532444622556
7839,5.88162091241833
7842,4.66780896223099
7849,3.6286116848167
7856,2.35228574093439
7857,2.39948217728805
7863,4.06324272188744
7866,3.91168901039959
7871,2.80328819314398
7875,1.90662106461992
7882,1.60653003418599
7887,0.507570301392449
7888,3.22552760153306
7891,1.66465020838677
7895,2.97205028123191
7901,3.8128361660858
7906,2.10874349768685
7908,2.70151862660616
7917,1.68811647243749
7924,2.67449968158643
7948,3.62078604763329
7950,5.66574641704959
7955,1.74805840888482
7957,3.81457462455708
7959,2.19228904004652
7967,4.72248953523372
7969,2.0997306871202
7971,3.82183775371126
7974,2.59234533441649
7976,2.10446239573663
7986,5.30642223557829
7987,1.78377746410025
7993,3.02220738333827
7996,3.13401837165827
7998,3.03853308118751
8018,1.99663360076694
8019,2.24817767478456
8027,2.45597964812418
8036,3.13974280229007
8040,4.16123210798129
8044,3.72316715843453
8050,2.53465350845
8052,1.10020974605777
8054,3.03658880958913
8057,3.2304004901451
8058,3.88959272543474
8059,2.43742389604122
8066,2.36481852093871
8070,5.87805449637171
8072,5.24373541883478
8078,2.42071259144817
8079,2.69593706670502
8080,3.38399273750328
8081,3.78675761837509
8088,2.91323731816955
8091,1.97696900623642
8094,2.2173504772571
8095,2.3782093362483
8099,3.95212313895939
8101,4.84851927868864
8102,5.05004441984631
8116,4.05686359175484
8125,3.77242983498606
8134,4.66418988446584
8139,3.30916890864512
8141,3.61369294179972
8147,2.61878230737245
8158,5.54226220173004
8160,2.36299207473028
8165,2.53743410340718
8187,1.91187846295607
8205,2.91525801705751
8209,2.16152434972054
8211,3.28076218655374
8232,3.31851680809938
8236,3.88672424748731
8237,5.23281315450659
8238,6.43524589364248
8245,3.6345699475306
8256,2.48003983558704
8268,2.5186658254161
8269,2.23591566113196
8270,3.94946815335458
8286,1.8739063029644
8289,3.03674083510841
8301,2.54384371833179
8305,2.47024476431913
8310,2.65617017381694
8312,1.66581587275233
8318,4.73284705193053
8321,3.64726965841317
8328,3.27603721293514
8331,3.79635597828353
8334,2.54534908687244
8344,3.4270462468943
8345,1.69902139392874
8352,4.27406365752198
8358,2.90727422909197
8359,1.48558967227505
8360,2.29357196632345
8365,2.67536721942468
8366,2.68424461087926
8369,4.10950301539105
8373,4.99347884166342
8378,3.34635808634926
8392,2.49003023817735
8397,2.49142078743079
8399,2.01118761440934
8400,1.86987354602357
8405,2.14949810664065
8406,3.34874402668563
8410,3.96777193148079
8413,3.47555791698443
8414,1.52740975435943
8416,4.4855117862054
8426,2.15825075238417
8434,3.99172791588627
8439,4.30075505576735
8440,1.81846556148864
8475,3.78010359997892
8480,4.65253509382479
8497,1.4992860774071
8499,3.03047117016415
8500,3.22612428213987
8501,2.62162464666522
8502,1.82234926133211
8518,5.04215868035101
8520,3.38033447135367
8523,3.84162763924318
8525,1.99062828790113
8532,1.96588100381396
8535,1.49074574362624
8543,3.24932149046437
8554,4.10438326446102
8560,4.47032991954628
8561,3.35861916267203
8563,2.16240208540748
8566,2.80401046914948
8570,3.37808426637587
8572,3.02953700727735
8582,0.712640888173562
8583,2.6019987654156
8587,3.09443108864565
8592,1.45657609655486
8593,4.60362690231049
8607,2.24889755625281
8609,3.7975376522885
8610,2.73340326933722
8614,3.38385542157909
8616,4.16925106194215
8622,3.32023789399128
8623,3.43456576354203
8624,2.44249350991005
8633,5.43731971542438
8641,5.6380935433652
8644,5.089058914442
8649,3.25142001687479
8653,2.59784606251955
8657,6.41447814386483
8658,2.32107657481537
8663,2.6038219866537
8672,1.45963397544121
8680,1.59554725080105
8684,2.13129542789043
8687,2.95726583571373
8688,3.4905327337787
8690,3.21222471704141
8712,1.64664252856057
8717,2.8853253647023
8730,4.23993633396954
8739,2.93480703029177
8744,3.56377066897978
8747,5.04124211187944
8748,3.83457070762243
8751,2.46436910241438
8758,2.73273293000587
8761,2.72405664820184
8763,4.39171636962993
8764,3.54059375578069
8765,5.42640675641988
8773,4.19138176310763
8780,2.23482584325647
8781,2.44184547152398
8782,2.80077454970339
8785,0.546382699911232
8786,1.26202760461623
8797,2.40925858619371
8799,3.53444999979268
8807,2.02895370690572
8816,2.36004498477167
8817,2.81045580432042
8826,4.64666705430855
8833,2.72189213971422
8834,2.61361841544225
8835,1.98904598486339
8840,4.63097920985648
8843,3.18112847501863
8849,2.5833671597735
8855,2.96775716309456
8861,1.85188528762067
8862,2.97348606356205
8865,2.32665790620638
8868,4.36905481568133
8870,3.79199932141435
8880,3.73336362255574
8885,3.03554520267289
8894,3.44120935527479
8895,4.04472548028412
8899,4.07667307845036
8912,3.34242404462327
8922,2.31044175516629
8924,2.73770420007161
8928,3.64871834116088
8932,3.0774056609837
8943,5.06348251094252
8945,5.634487887487
8946,4.16841486606673
8954,0.878204245189606
8958,3.20191824054805
8960,2.19360755438102
8965,0.834151605417393
8966,4.09443342970449
8967,1.88700335880907
8969,2.63729735315309
8980,3.46938721667366
8984,3.39432843085491
8985,2.6272647462255
8988,2.18278769843167
8989,4.18123075108879
8995,3.05728653729908
9004,2.14066563810999
9010,1.01562174898823
9012,2.52101326068106
9018,2.67676289397777
9036,1.59982523305607
9037,1.65933337733484
9040,4.63512147128029
9041,5.19321727634975
9044,5.45402979740168
9045,2.86918569430657
9047,1.64367954975727
9049,2.90404593570834
9061,3.26117613581449
9062,2.03453628496828
9076,2.95910945554028
9079,2.23736925173239
9081,3.64396746873402
9082,3.52110230374034
9089,1.83990559547035
9092,2.33802633483901
9094,4.11629668450657
9115,2.67181042602808
9117,3.21432551061127
9118,2.89579074019098
9120,2.72296318278215
9124,2.30186070902392
9128,1.88784153439935
9135,2.76815675421902
9136,2.08671629629921
9138,3.57431833370393
9157,3.6108231364973
9176,3.13300206984016
9183,3.07589190109631
9187,2.81328372155366
9188,2.34174006675999
9190,4.04254668658349
9197,3.36402709905844
9200,2.92485381883878
9201,3.1043081490948
9203,3.29163329506427
9212,2.93001150528572
9213,2.63082815543109
9214,4.1346922334212
9217,2.15077224282636
9219,3.36027157433195
9220,4.33417687300666
9221,5.44732980813481
9237,3.38658399295576
9240,3.30717568147705
9241,2.05138474335226
9248,2.72919930600641
9253,6.81119420846353
9259,3.95422672810227
9267,4.36871603713274
9271,2.11730016578037
9273,2.28136800746083
9285,5.39981205832745
9290,2.99187400617988
9291,2.38182356060493
9293,2.91780633111818
9294,3.22057331866496
9301,2.71489796130447
9302,3.53748170901652
9312,1.60359295885958
9316,3.00929255746069
9319,3.69238855888721
9328,3.77791873082301
9331,2.16040482972493
9338,1.10842471125377
9350,2.6720287640763
9356,2.96141268112051
9359,1.53918081770774
9362,3.19289731071861
9364,2.49150529246643
9370,2.80928212578085
9380,1.81116530313398
9386,4.11545120150641
9394,3.07646530783852
9407,3.35452766405884
9411,2.95783764751488
9422,2.85611029154954
9423,2.44378041991368
9429,3.10374647979486
9433,2.1596390374067
9439,2.8509506271717
9451,3.59256139628678
9452,2.80598428082639
9453,2.69507564055091
9460,4.51482487619571
9465,4.7827069018095
9470,3.80680711029119
9476,3.27101777364312
9485,3.01016452736472
9486,2.4831179437927
9488,2.76164285055525
9507,5.15627915228025
9508,2.33694759218641
9517,7.00732461271274
9521,5.14547257450774
9528,2.63034769360159
9532,2.88061833042515
9536,2.16807318269534
9540,4.71484615673931
9542,3.8703444919691
9546,3.37639852781448
9548,3.86213731730138
9549,5.80309858012432
9554,4.52090705292628
9555,3.70745542957864
9558,2.7338276003651
9573,3.00611158273973
9575,4.21256837280828
9584,2.54476958234882
9586,3.37562798889084
9588,4.95517652692968
9591,2.95231009319112
9592,3.81871299379878
9597,6.371156125288
9600,3.53813430325159
9603,2.91522396008362
9605,2.22591227463044
9614,2.27161233334501
9616,3.96848611016222
9622,3.05440470232917
9624,3.42811656846903
9629,2.99212627618362
9633,3.49200782095428
9640,3.7024898362494
9644,0.760558871826455
9645,1.85344313345141
9646,2.66061930755171
9648,2.56490248311011
9649,1.81486825474074
9660,3.10787688385621
9664,0.556282967092587
9675,3.982505041812
9679,2.83190691089039
9680,2.59103459685732
9682,2.58558191892536
9697,2.66916963248392
9701,3.09118590770379
9704,2.15957856235011
9705,4.23132328888132
9707,3.21836317406571
9714,3.71262641075909
9718,2.00892315427171
9722,4.94619338142279
9739,2.16473353093047
9747,5.30214854491888
9751,2.80736318329807
9757,1.80779606073373
9759,3.1158491906789
9760,3.52262943498879
9764,2.0736962666375
9776,3.04506017908453
9778,2.43680365598392
9786,1.72321600564362
9803,2.9925934395665
9804,3.90804178589952
9815,4.49722892626015
9824,1.55076617750541
9825,1.2882088691042
9826,2.89033767952882
9827,3.42706241552287
9833,2.88956688246059
9835,1.75126574021787
9860,3.36188991724275
9865,2.48298325421411
9871,3.20695280540729
9874,2.38769203204583
9880,1.71673104493301
9882,2.449353861679
9885,2.73697499309084
9888,3.47447648728949
9892,1.69096973211044
9893,4.2568030482346
9896,2.32978760387837
9902,3.18200854114168
9906,3.44823795014458
9910,4.15537156106468
9914,4.70829509676039
9918,3.93290250157336
9920,2.54575319304279
9926,1.40737829771954
9931,4.91264026236446
9935,3.15332033118591
9945,3.60677426062373
9953,4.0778535589408
9957,2.51362278804561
9963,3.43748898967294
9972,3.00642106994684
9976,4.14129874030386
9979,2.46224525511306
9980,3.41714602077573
9982,4.02516288207917
9991,3.28768603491838
10000,4.17661712547389
10003,2.78528917522894
10005,2.11844436694663
10014,2.76170686085398
10032,3.26417997052861
10034,2.45318130092956
10041,1.98449091350274
10042,3.60188665112397
10044,4.78433074116704
10045,1.77393755928968
10054,3.02988085265317
10061,5.65400607311831
10062,3.68974520783876
10073,0.51032703088446
10081,3.19846646401399
10084,3.07485276915553
10086,0.850803224267451
10093,2.49222905810769
10101,4.93379009454805
10105,3.59970492662889
10110,2.98969044695007
10113,2.90559231837642
10115,2.58975445539394
10119,2.56667779288084
10121,2.97936376872841
10124,3.26655878852254
10126,4.95706473633683
10127,3.0816979605807
10145,2.97921683225104
10147,1.89371609145047
10148,2.14669619018526
10162,1.46106386907806
10163,2.33424787432745
10166,1.78518425274433
10172,2.73736958109514
10173,1.42611109235798
10175,1.84021906798468
10180,2.80979937920945
10186,3.71821580738904
10192,3.15872572638206
10199,2.37401288089161
10209,1.51944731938845
10210,6.98892699399855
10214,1.46499273669643
10215,3.03252163035557
10216,2.82408065652613
10232,2.21365881119491
10239,3.90929766372486
10249,4.17922864760757
10253,4.82432585604128
10255,3.00489443610375
10262,2.10683218866244
10264,2.05100611356756
10266,4.09999826980914
10268,3.13076944146463
10271,2.51227223755526
10272,4.97183213332268
10276,3.21955520201093
10277,1.76671593512573
10279,1.81193601082281
10281,1.28971715777544
10285,1.89458133972607
10294,2.20674288645722
10300,2.26661929680442
10304,2.73449988081059
10307,2.14748994504358
10309,4.71167496822242
10310,3.18078771004325
10312,2.20058408944619
10321,2.70433040501041
10332,2.29468201419237
10336,2.74795459982573
10368,2.57502837668973
10369,5.09936263993688
10375,1.92267672730183
10376,2.61503654235302
10379,2.91556250870356
10380,2.43904705365368
10383,1.49421048522768
10385,4.80587849216734
10387,2.59151126169544
10397,2.45564552546387
10412,3.24499174998292
10413,4.32306292895039
10418,2.12280210407847
10420,2.63654187207284
10426,3.31916918456061
10427,2.17992701343096
10428,2.59136700685589
10430,3.09539432412372
10435,3.38369521484713
10436,1.95228717647259
10446,5.87926210197964
10448,3.07019617225032
10449,4.01955817421936
10463,1.93672420563838
10469,1.77538584184071
10470,3.91935187238331
10471,3.33321376090669
10473,4.27406111044518
10476,2.26466940615867
10482,2.71548818715125
10500,2.66721882255187
10511,4.46237803552134
10512,3.00834056706051
10514,2.65838805104105
10515,3.99833629946999
10526,3.12765150307462
10546,2.76822158463606
10549,2.8084124793155
10553,2.36694468214388
10558,1.8867646351786
10575,2.14439611968238
10581,2.04025353677999
10583,0.669246368841829
10584,2.57154717950784
10585,2.84268270133214
10610,4.65331793068031
10611,1.91361758823863
10616,1.76337274060354
10618,2.84862713779858
10628,1.3620360489319
10632,2.49139195861342
10642,2.83081151802037
10648,2.7731859442812
10649,2.7979868614304
10650,2.37580200200502
10654,1.83404093655356
10656,4.56112301238628
10661,4.05851347459222
10663,4.01869690615974
10672,2.71227653328833
10678,4.6313243101688
10685,3.49243220469472
10690,4.06106071175206
10702,3.05392068656512
10706,2.98015618455457
10708,2.18745242747204
10716,2.63410093283161
10717,4.34093624566135
10720,4.44997375469491
10729,2.70866130712915
10730,4.87766659382952
10745,4.49868906807725
10753,1.96718602931234
10754,1.594735239309
10762,1.76188356406105
10766,2.57463089007989
10776,1.83998895195119
10783,2.16645394448391
10789,2.06013495180298
10790,4.85658141904011
10797,2.89016586926832
10807,2.6997834249751
10810,2.56614750227927
10817,2.30809849890941
10820,2.35129038430823
10822,2.62442860180437
10828,3.79757053337023
10829,2.15723284815726
10830,2.24843065815798
10831,5.89376306562638
10841,4.93129108831697
10847,2.69920313141782
10856,1.05500168178779
10860,0.96894754440678
10861,4.86405307018499
10863,2.5429075773463
10875,1.42002679751615
10884,3.73494992307119
10895,2.83252445447714
10897,2.49780083979265
10898,2.08879615239237
10903,0.632159719979236
10908,3.73219333510889
10924,1.78191146397684
10926,1.79827037557261
10927,2.46195893354674
10928,2.46565783579859
10933,1.40996733317757
10939,5.41404904954301
10942,1.84732458324597
10945,2.57038858168298
10949,3.35189999709007
10950,2.79097820472485
10958,5.39308602999139
10963,3.21371014396976
10967,2.89647439833027
10971,2.93987846338522
10972,3.44235920731369
10974,2.95178890819975
10976,4.28584672027083
10980,2.40022845160968
10991,3.22822648716753
10995,3.87501272692221
11014,4.42650271759264
11017,4.15788517875098
11019,4.11787547257173
11022,3.06515858894617
11030,3.95704684820491
11031,2.6537111707683
11041,3.26241465884809
11042,2.94709318089252
11044,3.36698175663287
11047,4.13319860151597
11048,2.59754918026709
11049,3.0830742398598
11052,2.97025426072174
11058,3.17948403205857
11069,2.69169796383065
11070,2.15907620342621
11073,4.95732241026276
11074,2.39929908764593
11078,3.28175208125082
11079,1.27426029218131
11085,2.5381559234606
11088,2.79836017148213
11106,2.40277833489451
11110,5.23916590003231
11114,3.20245871994378
11118,2.05163009531548
11129,4.30161131664818
11130,3.03848631632971
11131,2.5634699999301
11133,2.17584410807181
11138,3.16285478043718
11143,3.45413839680144
11146,4.08133746747185
11153,3.34398107673441
11162,2.72150880454852
11170,6.33391712886422
11171,2.0845599593189
11201,2.62433573171135
11216,3.95360490971079
11219,2.46475087229783
11222,4.29501316630788
11234,3.10879300650118
11238,2.82672832977873
11244,2.63443298596668
11246,1.84951171213289
11248,5.57616131066442
11250,3.09721665307362
11256,3.313893233048
11259,1.67456791364374
11263,2.46487943922132
11264,2.2450349509523
11270,2.56488151206247
11274,3.38353594125171
11281,2.49625812657306
11285,2.86859242585631
11300,1.38237485581991
11305,2.24049922980698
11317,3.05503156408474
11319,2.02292875595105
11330,4.61133720937378
11334,4.07444925127104
11335,4.91140850539072
11336,2.64739069964802
11356,3.66419341631504
11358,1.50949019282306
11360,2.93630743782363
11364,2.29304221875723
11373,5.35663879058111
11379,3.13922628705592
11382,3.6634856801061
11383,3.74987081445113
11385,3.58523458812769
11387,2.51278317817276
11391,2.76699498739306
11397,2.01290143147179
11404,1.74446583152246
11405,2.05509641674899
11409,2.95660788809242
11419,2.41892658226581
11430,3.87942810981217
11434,5.24907344386867
11436,1.99439986335462
11440,3.32547992581245
11443,2.47990448642186
11449,2.16131766105485
11452,2.073646980395
11453,2.27785284086136
11456,1.93044491567384
11457,2.53424669824623
11459,3.27365708922346
11471,2.13400696892988
11476,2.41707635653822
11479,2.3214011504286
11481,3.08112713923349
11485,2.51853164390257
11486,1.97542802381802
11487,2.10816736399585
11488,1.92831300141007
11498,4.54493976081367
11506,2.43971676502174
11511,4.23168959073025
11515,2.71750879957986
11518,1.55074716850653
11521,1.95530686511236
11523,2.51924703883571
11524,4.08984856592572
11525,2.89721115192458
11528,2.44103633163596
11530,2.20955847452052
11531,2.43195032985543
11533,2.31367093419691
11535,3.0121825504049
11537,3.20282093854514
11538,2.13776254053249
11541,2.15493772927286
11548,3.18891365248633
11552,2.46889643517845
11558,4.44738351382578
11560,3.06195966595854
11566,3.03317578635114
11572,2.39872522630929
11573,4.13706459146764
11582,3.27155833295402
11586,2.30495920036755
11590,2.89604638006307
11591,2.07887191832236
11601,3.35243093841891
11611,2.46963836672559
11617,2.07225794847893
11619,3.06206904002971
11624,3.15003356166266
11626,5.52835569806015
11644,1.20277652807428
11652,1.65948125704149
11656,2.81245505793376
11658,2.27811014626979
11659,4.70911160352082
11663,2.51017380239219
11665,3.24148001894914
11683,3.80015895442648
11685,2.53432166785185
11691,2.52818623059007
11694,2.20610578672612
11698,2.38006761818221
11700,2.76144700510641
11703,1.55121866158371
11705,1.98711223850051
11710,2.99043474303122
11711,2.39297973728837
11714,2.5012333282658
11731,4.12248724078296
11732,1.68253980462951
11742,1.83738185746309
11744,3.0932369320132
11745,2.87776264767526
11749,5.10207300526756
11756,3.22082915446282
11761,1.83808519185911
11762,3.89122995980228
11766,4.08721169299657
11767,7.56146395316898
11769,2.21686851313135
11770,3.27083009460736
11771,3.27503401930981
11777,2.71278707389948
11778,4.54289272524618
11779,3.22166871424692
11788,3.66381560451863
11790,3.44179149136566
11794,3.12660318744127
11801,3.16721273631372
11807,2.81373354444745
11812,3.07460461684665
11817,3.35895425342467
11818,1.73278089688661
11825,3.3657507370635
11828,3.39022519823177
11833,3.861411911137
11837,4.50546580064241
11838,1.64416680674657
11842,3.1994364095899
11853,3.71295611460186
11857,3.83741871265568
11858,1.13916699578326
11860,4.45352478727496
11867,2.88361152488673
11868,4.47892477112257
11871,3.74813207047522
11875,3.03368264850367
11881,5.81305866063154
11890,3.68721969506976
11892,3.93017350823292
11894,2.28412594039104
11896,3.17758066168014
11903,2.89380202247562
11905,3.13803051621595
11907,2.17100633533156
11909,6.84343517606226
11911,2.586285286652
11915,2.39140709013738
11918,1.48642202661415
11920,4.44804681534881
11923,3.70783274591858
11924,2.79737083229834
11926,1.76659045207699
11931,2.73253338803415
11933,3.84109400044433
11940,4.20890651882353
11951,3.01224566186657
11953,1.92809136677735
11973,3.34372493359177
11984,2.85016100684206
11985,2.64719922440865
11991,2.37144124045431
12002,2.57178174524329
12006,2.54273699124364
12008,4.15715690331085
12013,2.32459403430739
12015,3.13227991644047
12016,3.94257146451091
12023,3.23050969663875
12029,3.16629612812276
12036,2.58830024463269
12038,3.49625133709822
12041,4.09915300700655
12049,3.56673871219502
12050,2.58939591339682
12054,2.98702945877534
12060,2.347828114239
12062,5.12570090567724
12065,2.28101859693411
12079,2.25784167443092
12083,5.69816447213192
12090,4.29346004820338
12091,3.45434270219818
12094,3.69306652122928
12099,3.22810391853538
12101,2.32093799952188
12110,2.89157281341584
12116,4.25625115889608
12122,3.1478452847303
12127,6.73592038987829
12133,3.03976198775923
12142,3.85611142062459
12147,3.5400196106405
12156,2.27984591665503
12157,4.2724398944427
12158,4.8215350139477
12161,3.49077516004376
12163,3.52411712359495
12166,1.95298937782018
12170,2.13589913973376
12174,4.90312048593756
12183,3.33041687186479
12188,3.2902673830647
12189,3.80430895327642
12192,2.32407747455527
12201,2.72430596591576
12204,1.24508949145845
12207,1.83551290357945
12208,1.79524639262364
12209,2.14145936276313
12210,6.32145450976759
12217,2.41118235752529
12227,3.27941879245546
12231,3.12447992236106
12232,3.20962569085221
12239,4.95608405824611
12240,2.07083384873765
12251,2.57249645051183
12256,4.0205283582451
12261,2.36727895355023
12263,1.94508813239723
12266,1.83217409609231
12267,2.48712239768155
12268,2.96953365053865
12279,4.08853231755845
12280,0.408067216291319
12283,2.34374362762564
12284,3.3189854518824
12285,5.56864925459468
12286,4.71875535267016
12292,4.07763523545347
12295,3.37614205852199
12301,3.16577602956147
12314,2.02672465969058
12315,1.65855974130604
12318,2.43303984774562
12332,4.85940604605026
12334,3.21427916692673
12337,2.68764958698376
12338,4.31282320103403
12349,4.04920391508539
12350,3.05152977168073
12359,5.09773938515771
12360,4.81932655063005
12373,3.98208577715109
12374,2.6252099247861
12380,2.73635297444099
12382,2.56026323058774
12383,2.4340307842453
12390,3.67571729278197
12398,3.68667960147043
12405,3.2657954432534
12407,2.56538348941077
12410,5.55065841209518
12418,5.50345593793823
12421,3.64316883266269
12422,2.68180037456071
12439,3.05541522706848
12444,3.49022160591673
12463,4.70470624092925
12465,2.00285474453239
12470,3.50004704386431
12471,3.13490836497805
12480,3.53782083232477
12482,3.6784534095357
12484,2.3286612512119
12487,3.6477947778709
12491,2.64228976004725
12503,3.50803100412378
12507,3.12298656323495
12526,2.04948729150771
12533,2.79984608645998
12540,2.76637365328411
12543,2.05584074938898
12552,3.08671321140819
12555,5.6350933454656
12556,3.45229847581723
12570,3.57015044371691
12579,2.50159840005609
12588,2.36348727872912
12600,3.67719711132879
12615,5.18196216915843
12624,3.1463156778784
12629,2.89186149279237
12634,1.98819172507921
12638,2.99918211956266
12646,1.77746160039825
12650,1.27459475999638
12665,1.96317550737955
12674,2.63112386569961
12676,1.78838812684329
12678,1.82893356979975
12685,2.23108177619357
12690,3.18490449115732
12698,3.89490368585657
12702,3.06197760623917
12704,2.57662676958584
12705,2.2073354427424
12710,3.25546684475232
12715,4.64756746954206
12720,2.38093048185039
12734,1.4235119338103
12744,3.30116965805895
12747,3.00679074634592
12757,4.44069224154279
12758,1.76639632864097
12766,2.62582221026882
12782,2.56406322909336
12787,2.4263866188872
12799,1.93586345499842
12804,4.18986970471456
12809,2.00634637135102
12813,2.37936817507558
12816,1.97075985609282
12821,3.58765459583697
12826,2.04958933105143
12831,3.05333455737586
12832,3.6586350686344
12833,2.54631986202606
12835,3.12859838720491
12842,2.5654089677648
12844,2.97721132281762
12847,2.17764535395361
12852,2.67063829389003
12856,3.1431819702846
12857,2.32898392914311
12858,5.72630376279696
12861,2.41283826091813
12869,3.21144039040091
12876,4.05695932410466
12877,3.27784716638656
12879,2.77522464194611
12882,3.56611496903969
12883,3.65509870750577
12887,2.17677876667261
12889,2.65769740480384
12891,4.93603313664795
12894,3.03336885907054
12895,2.92729709685965
12899,4.50030904268743
12905,6.70349919111326
12913,3.03448137176034
12916,3.13755729225619
12917,2.70837228225538
12925,2.92267121268711
12934,5.03786472090667
12939,3.43081279559968
12943,4.27176661730219
12950,4.22233915003217
12961,0.821254146029433
12963,2.10869563655349
12973,5.06574497229115
12979,3.08440137343426
12980,1.97426908766834
12981,2.14132366149148
12982,1.27720999797281
12992,1.84857926175659
12994,2.72529915256566
12999,1.82232154867292
13002,3.33358746723124
13004,2.72887819580838
13010,3.13928263089495
13013,2.75460181153268
13015,3.72612997256222
13019,4.95612597505517
13030,1.4286311675091
13031,4.61150762679613
13036,3.1937754709708
13037,4.09714829214372
13042,4.29757458660869
13054,2.31442966967019
13060,4.29379282122275
13072,1.45575125858321
13073,2.77543156994357
13079,5.10015549785856
13081,2.52311571513675
13086,2.31762136322876
13087,3.20680648835984
13090,3.04745505540101
13098,2.5178906366761
13100,2.60565268348914
13105,2.32705904821926
13106,2.64568619684718
13107,3.24580286785393
13113,6.75995220543024
13115,4.0216025958903
13117,2.6123087625041
13118,2.56215304979605
13121,2.47529843529743
13137,1.75544891588819
13146,3.19579426161443
13150,4.08253036628735
13151,2.59184475598225
13152,1.98406741615503
13156,2.92257605024543
13165,5.16160467867589
13169,2.75046588784069
13178,3.20315040229717
13180,3.70274983097811
13183,3.60362674534426
13184,1.77500596035244
13188,2.95242171399346
13191,3.2158273249933
13196,2.54725498155226
13203,2.497376424399
13206,2.25896799067673
13211,3.76840732405477
13219,4.35196923896434
13223,4.81363600495356
13226,3.26815118356519
13228,2.36861771706616
13230,4.10707070601431
13240,3.75575993570662
13249,4.81813351941652
13250,2.05638196093779
13256,3.11142268333286
13261,3.61912544872287
13263,2.0330887959823
13268,4.00976634078057
13275,3.15441401554187
13277,4.42699633789901
13283,3.41059245537975
13284,2.77663397794916
13285,2.14174941462553
13286,3.51262930157654
13287,2.37885008962012
13290,2.76034730599112
13291,3.41497287167561
13294,4.74062040921915
13295,2.38928823648622
13303,2.56325808503644
13306,1.86177565031899
13311,4.40770465255109
13322,2.20924051072053
13331,1.57908214219587
13337,4.84057018342477
13344,3.18724349983376
13362,4.48478646627873
13364,1.88797814219624
13366,3.04196181025531
13368,2.66792246772346
13370,1.82665883999544
13377,4.60543440990341
13378,2.04188014900909
13388,1.42205532947279
13392,3.86022909666465
13398,3.83774096956314
13403,4.00821123316095
13404,3.57149243346362
13409,2.92353997274636
13416,4.61005874854595
13422,1.694256680365
13427,3.03415407167602
13433,4.9580484638861
13438,1.82737407832161
13441,4.64225827409709
13449,4.84040810852698
13450,2.93644509464568
13453,2.01532681558272
13460,2.69254906578929
13461,4.17019189026446
13465,2.95966323978762
13468,3.40269095581155
13481,2.77177256117156
13485,1.92729304653585
13487,4.67445458650965
13490,3.34990931826428
13493,2.70750087192428
13497,2.13678501551617
13508,4.49622278214353
13516,1.59290282673029
13525,2.07953919950413
13533,3.87685100737536
13535,3.32452024773245
13538,2.8098833784158
13545,3.32858720517894
13566,2.88784791499135
13581,2.30695492825298
13584,2.61877321301723
13588,2.28660599813652
13596,2.45320200745909
13600,5.96398458474897
13604,3.01612149254619
13608,2.7894341160145
13611,2.52042013706022
13612,3.10152718296838
13615,2.8622751165901
13616,3.21547033162156
13618,2.93406316192873
13625,2.59775266152081
13628,2.82104119917669
13629,1.54252396894112
13630,4.86901994254519
13633,2.8581982304523
13637,3.350478148237
13640,2.42531663720394
13641,1.58380697404744
13651,3.45849212944173
13674,2.97566542511414
13684,3.28907764226182
13690,1.77004446749656
13707,2.82157536100152
13709,4.78390222076181
13710,2.95932856357137
13713,4.57516658582371
13724,4.54861009408593
13725,4.12822896685463
13731,1.84951523632175
13736,1.79101278588264
13740,3.72951191839046
13745,5.40978084197999
13748,2.49490973668666
13751,3.14960916269913
13758,2.60372108440722
13762,2.00551158332793
13764,4.15167716550633
13765,3.29793487494364
13769,1.95538498642662
13770,1.58243231768603
13774,4.3927679944786
13787,2.18826486803698
13791,0.506198658715232
13802,1.36479301031964
13807,2.17435829978011
13808,1.64847326877904
13809,3.41042685346673
13810,3.11843179470174
13822,1.2522709041301
13823,2.71862177339062
13825,3.09146865147494
13826,3.46974797553203
13833,1.75718488687421
13837,2.2828666243734
13842,2.33138090797632
13846,0.827598402485976
13852,3.34688385307403
13853,1.78122029494184
13858,2.22022100504922
13860,3.18087409184337
13866,3.65812655085643
13886,2.53336370430644
13887,2.91958837689549
13890,3.58191110319836
13891,2.80825709770651
13893,1.88001310865279
13902,5.29632647049565
13903,3.03619964576529
13908,1.87244998594817
13912,1.82803733123187
13924,3.81114579259626
13928,2.42501320722358
13929,3.31301304604797
13938,3.79768803863627
13939,1.98918907670307
13941,4.22979553959622
13951,0.874900462497204
13962,1.85155206976843
13964,1.92730085786701
13967,2.27274490466
13971,3.12897368491965
13972,3.61553788462947
13975,1.60687343834124
13977,2.08933227379822
13979,3.94563614338092
13983,2.43163972187675
13984,1.76841550482942
13987,3.0070077685272
13994,4.09239029118329
13999,2.63495825964302
14003,5.27069485283653
14008,4.12858505748004
14011,2.91318096141496
14012,2.08655097571118
14016,2.55287037693623
14017,2.28115609310621
14020,3.05650821033134
14027,4.42911775326341
14038,2.65298419678603
14040,4.66100001730561
14042,2.19505320895045
14055,4.23379859662435
14057,3.96701527556137
14060,3.69672081606769
14081,2.36595691899568
14091,3.09229893723299
14111,2.64804963882262
14117,4.7805507462802
14121,2.85331374191147
14122,4.77536739999235
14125,3.23110192660321
14129,2.66787338464301
14135,1.38712228057907
14148,4.0945985401915
14157,3.15809702356031
14161,2.83952210185767
14163,2.92946187824856
14172,3.13348758087099
14180,4.14711535305691
14182,3.70085244380405
14188,4.29691760897339
14191,2.51690541632874
14201,6.37919710622938
14202,3.09195139355458
14213,3.23978186334923
14220,2.69864299701643
14224,2.0260729228221
14231,2.50634825710431
14241,4.3145903393503
14243,3.52493735149999
14245,2.37433107816624
14247,1.88418847219971
14248,2.56894531200592
14252,2.50637200420139
14254,3.82038787478601
14260,2.91019545257125
14269,3.35041870387347
14272,4.09473307983923
14274,2.95353845045076
14279,2.48350449801677
14280,4.94335545304516
14290,2.83494987063755
14298,6.86508920987437
14308,3.9257804631866
14313,3.57320131709311
14316,3.39783968516203
14319,4.80496813624361
14322,2.64381964147375
14323,2.67242473399726
14325,5.12766019207537
14337,3.2007298792315
14339,3.50609109435717
14341,2.73167481406341
14342,3.92240952157245
14346,5.50289557567935
14351,2.60434472988591
14354,2.89010697448562
14355,2.36663451577959
14358,5.70101409546776
14359,1.73978680095028
14364,3.06346766557059
14374,1.91513608101215
14376,1.63472604007843
14382,2.3572618848099
14384,2.54036348879699
14393,2.99765023514592
14398,2.84501277362166
14403,3.65174670546441
14406,1.97099865362046
14408,3.31553808379969
14411,4.37722242639029
14414,3.72896610264278
14418,2.13456723232567
14423,3.28405229345789
14442,3.4107553746922
14443,3.3976374004877
14444,2.45300405112752
14446,3.0151949855829
14455,2.75784752409682
14456,4.22491723115036
14458,2.80398489804969
14464,3.3499075846865
14466,3.65584551314587
14467,2.40773311095197
14469,2.6949846034582
14483,3.15021831788855
14484,2.67557703068523
14490,2.5635003272627
14491,1.98546922862312
14494,3.02414647683932
14496,3.43668286603329
14503,2.30565745939604
14504,2.29695858143802
14505,2.55194156860903
14506,2.52168196912669
14507,2.71030326101713
14512,2.2174043164639
14520,4.07262482279937
14527,1.43372262726975
14531,4.23358040099782
14532,2.53081779941405
14535,2.09462027002148
14543,2.49607736503812
14554,3.48482346585705
14556,5.99615452969749
14557,3.25612093830939
14561,1.87646238097039
14562,3.13549524067212
14567,1.84687990202838
14568,2.03670722443874
14574,2.99271663368464
14575,2.23857714680792
14579,2.73868971928441
14581,2.83702136267533
14582,1.84058696000772
14586,3.09344690980935
14591,2.21346348425901
14598,2.58093911401657
14599,2.45164551817164
14600,2.20566072847202
14612,4.23147081363158
14613,2.5498458257303
14624,3.66575864216528
14626,2.35200577157871
14630,3.92469770806645
14633,1.47086034937908
14639,2.48608058052377
14642,2.21885229303666
14643,3.95101283667897
14649,1.5916161221282
14650,3.2394235490608
14653,1.68924667809093
14655,2.02933269076166
14656,2.01604744185478
14662,3.05554447971125
14663,3.88832509619746
14673,2.28474080953304
14674,2.21180882774554
14676,3.01276044030954
14682,3.31689927659388
14685,4.47063507806231
14689,2.41311038909619
14693,2.75966057384292
14697,2.46540608185145
14700,2.82348652661074
14704,3.85779960235024
14710,2.92466641176136
14719,1.73643046093055
14724,3.97492518106372
14728,3.76108243245972
14735,1.98338440565724
14736,1.94759985898991
14741,3.11752258089405
14744,0.383898243401524
14753,2.89273336049207
14756,3.71882757286392
14762,4.31067839848635
14765,4.22779934344289
14783,4.60725544511024
14784,2.02486644964988
14786,2.26096270847555
14790,0.840366372610368
14793,2.47930313043946
14796,5.4861117556323
14801,3.8296112820617
14807,2.41026395731041
14812,3.59398603185863
14815,4.81579244812669
14831,3.86679231355367
14833,5.34459013815887
14836,5.57321789528881
14856,3.59993512982667
14859,2.44563045657049
14861,3.22048454667276
14863,0.757579958856952
14865,3.41608857217925
14880,2.84725044224478
14881,3.43823924055846
14883,2.38886763913595
14884,3.7757728335397
14894,3.24402272385581
14896,3.52569442813232
14899,2.68958451977961
14900,2.70158834745632
14901,3.79418871120633
14906,3.05749832685515
14907,2.75016334504843
14915,4.33445262966719
14919,1.97673493870979
14926,5.37147705026846
14927,2.18531136796753
14933,2.53616904562635
14937,2.42118078903752
14939,2.57520355673024
14940,3.05501683093576
14943,2.38003242561071
14953,2.75927455303921
14954,2.31056711654412
14969,2.69662885502903
14999,6.99629925530891
15008,3.09366705593573
15009,3.14406987461172
15018,3.71840259293466
15023,3.19323351958951
15025,3.19984628889891
15034,3.44241538556851
15036,3.84326512368159
15051,4.75904536126947
15052,2.64401895509113
15064,2.83139387767442
15070,2.57656070124109
15074,3.70743139257242
15077,3.85064480593618
15081,3.26205894050794
15086,5.30243025541009
15093,1.47087187954493
15094,3.36702710655994
15103,1.91885563755933
15104,1.86904286168691
15110,3.36936395812762
15112,1.89906258637885
15115,4.15223934999108
15131,3.24465217409487
15139,2.29855592116098
15141,2.07290035842193
15148,2.39520535082209
15154,5.44216619083123
15156,2.7257452973467
15161,0.983142311720117
15167,2.20106804683476
15178,3.49213486092156
15205,4.11776190964439
15207,3.94577447848912
15222,2.84494007961481
15223,3.98368923073585
15225,3.55683817843663
15228,3.28199505196491
15239,2.19604905302125
15241,2.90926344894708
15246,2.96671699884587
15247,2.58224159138492
15249,2.95238766082809
15255,3.04027374839684
15257,2.9897193288801
15267,3.23395725925207
15277,2.39365401658817
15280,4.47005642897678
15289,3.27647078065712
15297,3.12255365453784
15302,2.81172966592749
15304,2.24635433308624
15312,2.10413151072134
15321,1.10250990408466
15325,2.5880159332069
15326,3.99517110124989
15333,2.99270427121457
15337,2.74221210221654
15338,3.11438119998906
15340,4.01172531926043
15342,1.55358659743209
15344,2.59817130414398
15347,2.44327916518174
15349,4.32166880929046
15355,2.45405195389241
15359,3.03646620052389
15366,1.80151167812228
15367,1.1267772429868
15368,2.46189311680341
15369,3.6859134056489
15380,2.99565338722159
15381,2.62884570751284
15387,1.10136344692053
15388,2.55264255599599
15389,1.8327746303626
15392,3.45928905966491
15400,2.23593473935279
15405,2.49233730351519
15407,2.63522324848943
15408,6.04956644605658
15411,2.88753243823066
15413,3.69419649615241
15418,4.36426013154349
15419,4.2879365525872
15421,2.69474234089924
15425,2.37137018141403
15436,3.29885858883291
15438,3.06592677837947
15440,3.21750579837822
15443,3.26370888421236
15460,1.75926026443643
15464,2.41418322730715
15465,2.22787087117575
15473,3.38464213433743
15475,2.01593676294119
15483,3.15017690415727
15494,4.21502146041226
15495,5.44719360503827
15498,2.91343718477844
15499,2.50082308432528
15500,3.06376932444611
15501,1.81490685789476
15510,1.88332946821101
15512,2.2393400196698
15516,2.23795019539822
15518,4.64797333690006
15519,2.98175982642579
15524,2.36044367867142
15527,2.79179463863659
15529,3.41065766647102
15530,3.34610776870626
15538,2.2436098007561
15539,2.42156832425294
15541,2.03717110554937
15546,2.66916116382884
15547,2.53714670939551
15548,4.1629334219176
15552,1.34518013785151
15556,4.3899646706918
15567,2.36844457517684
15572,2.17779570739168
15573,1.70866214694934
15574,2.54810977987659
15577,2.02713269348513
15579,2.92694370893209
15581,2.28216796375468
15589,2.68551141902065
15596,1.81801128788651
15598,3.7891957653146
15599,3.68707175551206
15605,5.63473655234225
15606,4.01519864263263
15608,3.30369191932715
15616,3.88236441438309
15618,2.84418252933635
15621,2.45098007011272
15626,2.45292911253952
15638,2.49202122066182
15639,1.67642169076686
15642,1.73022061920176
15644,2.73372196002296
15646,3.55957483064659
15649,3.52743955243675
15656,2.54518295258067
15659,2.91119964470485
15680,2.26115498771841
15686,3.74627673411131
15693,3.60441182873168
15697,4.46206051021717
15699,4.78454535635599
15701,3.93332573529724
15705,3.26526085146662
15714,1.8062328153677
15722,3.80335823958141
15728,3.08371043446601
15734,2.78624928408839
15752,1.34856576206874
15756,3.21093314178374
15760,3.36070642960211
15762,3.66705776183029
15767,3.18155430570094
15768,2.73571606568674
15773,4.29168281706966
15774,2.87779886680063
15781,3.26889167046213
15782,2.42236146027499
15784,7.69539872633151
15791,1.02334120382909
15796,3.88399200453105
15798,4.55565183963773
15806,2.23142512717901
15814,2.47034155900675
15819,2.64842243476811
15825,3.14078933894819
15826,3.54683167181643
15831,3.50226024264794
15835,5.47031908855693
15836,2.56035137653924
15839,4.37362638075403
15845,2.78622247605643
15858,2.61475589313147
15859,3.185522629642
15876,3.442122502503
15878,3.74343013957615
15880,3.94455121291431
15886,3.91556395239047
15888,1.38789693504539
15891,3.04875255438686
15900,1.65087424638835
15902,3.47564426477523
15904,2.52121235376431
15908,1.75326347580379
15910,2.09512036126542
15917,3.72249454598837
15919,4.51226624824263
15924,2.77952599454156
15927,2.37923667008701
15937,3.40322099661262
15946,2.76420877772414
15949,2.59433994278566
15957,4.30112235490202
15961,3.72263448461216
15964,2.30963653251837
15965,2.89329805089984
15966,3.3552888683854
15978,2.73808305975952
15983,3.70492499912187
15987,2.13370804799145
15988,2.37769546513863
15998,2.31038153649421
16004,2.76274544458249
16008,2.95062456741302
16011,3.70569781206446
16023,2.51342498619894
16024,2.275483855745
16025,2.50174217262012
16048,5.11396165370099
16050,2.51801030118145
16051,2.94005335181782
16057,3.97843821576978
16059,4.76958962672925
16060,2.62112192503016
16075,3.85528741235972
16094,5.27296856244547
16096,4.23423973034424
16116,2.36087663064977
16118,3.48289521208518
16121,2.09606503543085
16122,3.09170477932093
16124,5.39871090003334
16125,3.2357346590635
16126,2.64811370485606
16130,3.73020259678222
