INDEX,P_TARGET_FLAG,P_TARGET_AMT
3,0.158342225,1198.199204
9,0.262621847,2444.577825
10,0.13713404,1061.95773
18,0.264023822,1294.11875
21,0.185332322,1874.897568
30,0.22380904,1993.403285
31,0.434569744,2088.409093
37,0.409502689,2958.15314
39,0.028410311,1340.81934
47,0.12091288,1207.724296
60,0.027162871,514.8879063
62,0.538551711,3228.284194
63,0.900925585,4525.348806
64,0.08888865,815.1812186
68,0.027747672,0
75,0.631563396,3126.29271
76,0.733991735,3503.331887
83,0.19788078,1702.417599
87,0.696005906,1920.372388
92,0.448190733,2251.624473
98,0.150686337,1174.008315
106,0.396557006,1340.029649
107,0.048972424,619.2914975
113,0.420800626,2055.288481
120,0.331152293,1990.349933
123,0.386836354,1963.235092
125,0.382215003,2282.016579
126,0.422065685,3076.367732
128,0.07726158,119.6493195
129,0.161550253,1056.483563
131,0.100169845,0
135,0.449811115,2660.230761
141,0.067015661,1254.561155
147,0.178887406,1734.162078
148,0.205468161,1438.052935
151,0.045097852,327.6178554
156,0.182903228,2092.054702
157,0.22653636,2256.722965
174,0.097786386,455.4969578
186,0.561679456,3447.686391
193,0.283571206,1964.778325
195,0.53238729,2273.186332
212,0.020933077,0
213,0.557281443,2856.0825
217,0.004987349,0
223,0.211072105,1466.822868
226,0.069750769,0
228,0.412858609,2019.368701
230,0.0112997,0
241,0.568544211,2195.239017
243,0.132709791,860.3602766
249,0.362384343,2083.904124
281,0.794265766,4330.515839
288,0.077440356,600.8785052
294,0.282712154,2267.265908
295,0.238747223,2789.176762
300,0.392720577,1993.140766
302,0.439015081,2589.908891
303,0.098102217,472.9685703
308,0.50448952,1731.991563
319,0.014537628,0
320,0.043718946,0
324,0.409532155,1987.186545
331,0.101606076,1535.812877
343,0.061002766,729.5579092
347,0.39245304,1209.536176
348,0.791474852,4117.984197
350,0.548136008,4126.490725
357,0.19120933,1432.467527
358,0.049361116,1028.169885
360,0.03146235,0
366,0.226890965,2274.593136
367,0.627038815,3104.103957
368,0.291464276,1848.778818
376,0.69961737,3223.694031
380,0.277353863,912.2345924
388,0.376778651,1957.706199
396,0.295740236,1942.298604
398,0.146818194,1320.839629
403,0.051603859,272.4119381
410,0.549188687,2212.72349
412,0.408051907,2365.202699
420,0.372101249,2517.071061
434,0.046453756,478.0589928
440,0.406951616,1764.640099
450,0.571684511,3320.243268
453,0.300660916,992.0762307
464,0.264252129,1909.019919
465,0.044068841,313.1209343
466,0.707862999,3621.611074
473,0.096930158,284.3513059
476,0.068153349,99.67620704
478,0.06545831,0
479,0.121555962,728.4374813
493,0.046524643,367.9545535
497,0.190015634,1947.777559
503,0.008087623,0
504,0.424339105,1918.426813
505,0.260699895,2122.421624
507,0.13982473,418.2456153
513,0.449062118,1385.79827
519,0.513111111,3251.227948
521,0.625343717,3212.021431
522,0.630345217,2683.382863
545,0.112743706,2044.121776
549,0.117443337,1638.873627
551,0.196969757,1711.74822
556,0.090674708,875.394152
557,0.427203583,2665.88102
559,0.295355261,2148.565346
560,0.612494714,2167.91101
566,0.031985009,340.7486655
569,0.230266862,1273.823764
573,0.181883943,1088.449541
578,0.682169466,3138.60685
579,0.040606853,0
582,0.014860235,0
596,0.719233741,2964.571857
598,0.666212696,2137.979181
599,0.165707102,547.9020006
602,0.292757019,1345.383335
605,0.841603836,3195.821418
617,0.66275328,2039.419323
619,0.385046475,2214.729164
630,0.202768479,1293.264045
634,0.430196744,2637.31213
643,0.39997948,2348.204082
645,0.254463252,888.9376247
647,0.2308947,957.7810812
649,0.077066899,1614.204726
656,0.110035012,320.0277385
657,0.130579653,1126.927498
658,0.160040491,972.8245697
667,0.067489132,682.754482
692,0.122341136,1169.059502
693,0.207365861,2491.874912
698,0.802444208,4389.847207
699,0.638404037,3570.195786
700,0.040343176,123.7906193
704,0.102884932,692.0658161
707,0.057071797,0
708,0.761167951,3315.05685
709,0.139422016,1295.707012
713,0.17816839,790.866489
714,0.072424121,911.0080781
716,0.558787013,3203.442382
718,0.178795139,1203.862
722,0.13952741,1263.701355
729,0.340621763,2465.231898
731,0.025176637,0
733,0.574231411,2671.894346
746,0.349275316,3055.665063
747,0.70126654,3917.547786
748,0.462003667,1609.108621
753,0.33487898,2056.940356
757,0.526240611,2283.701367
763,0.021016867,715.3665743
767,0.157695602,839.6085409
774,0.537895224,3008.795108
776,0.521950976,2992.067525
788,0.218018433,1358.930704
794,0.160977199,541.1783619
799,0.227684603,1801.126287
803,0.135305474,0
806,0.573098577,3853.459024
807,0.233606948,1593.492809
811,0.042751006,1159.110034
816,0.10727935,1844.213286
818,0.296473803,1424.764953
819,0.130238896,909.3126355
831,0.099998965,1478.000267
835,0.604097682,3621.304176
837,0.14269817,1924.478375
841,0.833600683,4006.676636
846,0.244372616,2396.222283
856,0.406450008,1064.914933
861,0.504646543,3234.451031
862,0.60266793,3119.063111
863,0.821663007,3026.117579
865,0.626329176,3036.307682
871,0.533320862,3396.669976
879,0.256184423,2023.862826
880,0.116619897,935.0836301
881,0.24967102,2363.459128
885,0.293608702,2010.329443
887,0.353054062,2032.665354
892,0.047302795,8.679805927
898,0.058908446,561.5033556
900,0.176029931,2087.27115
904,0.24997918,2242.856142
906,0.539126724,1998.448479
910,0.684038077,2931.032748
912,0.289500603,1894.343536
913,0.335664324,1600.610207
919,0.092070716,1322.14667
924,0.622610897,2213.212383
925,0.436657798,2175.146603
930,0.244410308,1844.440469
940,0.237482308,1212.802167
941,0.143235713,1292.330497
946,0.196582877,1606.399461
949,0.414146406,1550.572417
951,0.078967379,1716.41602
962,0.045844219,1021.505812
966,0.069178336,410.3105389
967,0.011703941,0
971,0.881712362,5088.602873
981,0.018951702,1150.161727
982,0.059542041,1508.479869
983,0.056884358,243.205285
984,0.033871876,0
989,0.211976373,2432.696937
990,0.600909972,2714.172857
992,0.44230322,3006.138824
995,0.078428651,0
996,0.285979866,2036.260028
998,0.42615,2571.297543
1001,0.068078736,789.856235
1007,0.134951402,1588.467358
1008,0.066491844,0
1016,0.038463167,402.446175
1022,0.041843104,755.650352
1027,0.396195761,2072.595173
1032,0.304753032,2363.442633
1033,0.126003522,1663.123252
1041,0.308511656,2157.125052
1065,0.538124385,3252.494125
1074,0.418448363,1503.960913
1075,0.369789003,2175.447955
1081,0.143484421,1504.28337
1094,0.044340565,42.1386314
1099,0.070825132,1568.013093
1105,0.478583366,4296.073552
1123,0.120055266,0
1135,0.007347148,0
1142,0.193811799,1632.933712
1155,0.075186597,1346.124583
1169,0.015727867,691.8593753
1176,0.025391747,0
1178,0.744153471,3046.227092
1180,0.031316231,214.2416791
1184,0.099466554,986.945252
1185,0.592460943,4303.57323
1193,0.27666133,2157.983838
1196,0.115414501,1385.303243
1199,0.487744703,2219.74208
1203,0.285114642,1299.792236
1205,0.45849329,2074.337709
1207,0.050366685,12.60503509
1208,0.623437401,2636.549705
1212,0.537693056,2335.481395
1213,0.687087786,2113.893939
1222,0.084998057,1618.244892
1223,0.33899737,2330.73656
1226,0.503406478,1881.673972
1227,0.286610053,1669.107289
1229,0.146427859,800.446855
1230,0.305322735,2087.437894
1231,0.674551577,2318.3929
1241,0.083414757,1626.793691
1243,0.07024533,107.3354313
1244,0.119813164,770.5373279
1246,0.189980172,1182.474556
1248,0.145384357,1758.543678
1249,0.181401909,1503.022276
1252,0.093562536,927.2133274
1261,0.109902706,593.1258497
1275,0.110722111,1167.350432
1281,0.874347289,4292.37689
1285,0.40382718,2142.789556
1288,0.572681295,2581.900377
1290,0.049272481,1106.58154
1291,0.3141516,1969.454958
1304,0.744360549,2838.727995
1305,0.133332965,1142.283526
1323,0.229076279,2451.95743
1342,0.682181767,3822.711738
1348,0.196496857,1231.459595
1353,0.274725399,1843.210974
1363,0.250469969,1165.578916
1371,0.253907438,1474.673477
1372,0.276082103,1889.654384
1378,0.253231953,1325.739424
1381,0.374942409,1995.00934
1382,0.368299628,2027.781843
1393,0.531200207,2563.16589
1394,0.025644853,523.2415225
1398,0.397860217,990.7591327
1404,0.525433755,1574.371031
1405,0.770676117,3555.750398
1419,0.378701915,2503.397149
1421,0.174741109,894.0404896
1426,0.087492202,365.4546245
1431,0.489404558,2621.557175
1435,0.036219495,1347.597549
1437,0.45089758,2334.947378
1438,0.206216796,1533.098376
1442,0.5299974,2473.555917
1464,0.074065797,0
1471,0.252842381,1452.36158
1473,0.28659493,2002.085072
1476,0.070978942,175.3281339
1478,0.310027476,1820.51443
1479,0.588649231,2874.755993
1487,0.44928577,1893.617672
1492,0.441124259,2703.136353
1496,0.107028848,1402.554004
1497,0.529830295,1992.410405
1515,0.022717162,0
1519,0.266415466,1802.876212
1522,0.739076465,4232.510959
1526,0.338975594,1083.273585
1537,0.051100823,613.803215
1538,0.916557154,4593.066726
1540,0.206867706,1936.198966
1543,0.120399488,1410.161908
1548,0.24495051,889.193468
1549,0.098129574,922.1339847
1556,0.700606932,2549.226304
1564,0.013958117,105.5050023
1570,0.210125187,821.2465732
1577,0.616282339,2835.228083
1585,0.15182204,532.4537514
1590,0.238955318,1810.366726
1592,0.755490886,2806.329183
1594,0.401450956,2269.246417
1596,0.545645335,3212.151172
1598,0.20750772,666.8386859
1603,0.482867237,2353.49545
1607,0.245118215,1030.022715
1612,0.078558077,952.2941168
1627,0.039627054,89.14553377
1629,0.768136569,3428.339825
1630,0.156290943,926.7387738
1640,0.238051028,2604.491142
1641,0.24722275,2418.374707
1646,0.206155439,1213.983133
1662,0.543231432,1996.341867
1668,0.158425144,1677.362283
1671,0.035553919,666.4759387
1672,0.540238212,2796.330497
1673,0.443073063,3948.917715
1686,0.395062657,2170.197793
1688,0.700535491,3178.184338
1696,0.021662177,0
1701,0.04133527,180.141495
1707,0.114016955,787.1352891
1708,0.074987301,0
1713,0.061412378,202.8115027
1715,0.17060974,1132.694735
1717,0.031213042,0
1721,0.246137831,2349.791771
1724,0.894882558,3891.635161
1725,0.791131971,4270.780219
1730,0.10351047,866.3206059
1731,0.537252632,2414.573865
1734,0.390282808,2522.488013
1740,0.161365733,1152.050204
1748,0.025460097,175.3360053
1749,0.097054062,451.1244264
1750,0.684018486,3159.893531
1763,0.252548455,1700.680549
1768,0.087909734,332.1373203
1773,0.564237699,2121.442088
1777,0.121762714,483.189723
1778,0.357184817,3204.241436
1780,0.125024078,661.1532159
1782,0.347034216,1113.84011
1784,0.054961937,103.706922
1786,0.18701414,1183.285278
1787,0.155335492,1370.292315
1792,0.216643623,1666.197148
1800,0.481722368,3438.990194
1801,0.223434248,1944.052014
1803,0.16096824,775.7773405
1804,0.588254865,2953.766012
1807,0.021319531,0
1818,0.24477385,1881.011393
1821,0.033050336,90.30438079
1822,0.081041534,1371.421724
1828,0.085457289,1122.957364
1833,0.253974365,1732.586293
1844,0.324939906,2107.446347
1847,0.37229862,1550.836972
1850,0.054703979,507.1644594
1854,0.499188386,1727.421179
1858,0.273852794,1660.564272
1864,0.165576258,1043.280864
1867,0.068390609,688.8245896
1876,0.637608463,2437.791581
1880,0.259271125,1626.143527
1881,0.065760732,711.2577174
1891,0.183887947,870.3049484
1894,0.257917486,1767.820069
1895,0.054646548,625.1268149
1901,0.400020383,2460.363184
1905,0.052750963,666.1866559
1912,0.369065313,1838.040849
1918,0.353955684,2635.307959
1921,0.441333268,2233.326258
1923,0.339296382,1377.02709
1924,0.237540734,937.6778239
1931,0.131414783,1289.474612
1941,0.076842636,717.18433
1950,0.094306758,955.5470435
1951,0.218791952,1052.147356
1954,0.014496602,0
1961,0.394021814,2409.139651
1966,0.009893341,0
1979,0.158925691,1250.245112
1982,0.086834524,910.4767138
1987,0.782951344,2714.491715
1997,0.336945363,1457.511749
2004,0.024484548,0
2011,0.546892942,2270.772992
2015,0.317086711,1247.922381
2025,0.015039458,0
2033,0.32432419,1539.383891
2034,0.007425674,0
2035,0.125204962,1307.503946
2036,0.641605599,2922.719885
2053,0.640629218,3495.69588
2059,0.747446531,4196.700419
2060,0.023484939,196.9681095
2073,0.277563112,1338.430324
2084,0.367723146,1846.015573
2089,0.08328998,1172.230569
2092,0.243723605,1262.177242
2109,0.48804847,2983.373193
2129,0.415418683,2599.272123
2134,0.354812288,1487.403523
2135,0.032067408,40.91321379
2148,0.019057506,214.5162369
2149,0.023112458,193.1027221
2150,0.3329432,1932.570424
2165,0.719180622,4256.978456
2166,0.057165298,0
2168,0.045213699,590.0876752
2170,0.180544328,1151.733902
2171,0.178579554,1279.813164
2172,0.024057888,0
2176,0.157416137,2000.571426
2182,0.08379883,263.3856774
2189,0.158660833,1337.593954
2191,0.054399967,206.6826937
2197,0.024685354,0
2202,0.132299965,1237.524167
2203,0.135939837,641.5535773
2204,0.66927479,3066.226544
2206,0.777980686,4241.565576
2218,0.078571972,916.4311749
2219,0.144854406,2168.614344
2221,0.377175278,2667.109433
2226,0.116438381,2135.449279
2228,0.421562607,2522.75325
2232,0.588245158,2813.887888
2236,0.255879124,3080.573641
2241,0.809793217,4975.079146
2245,0.033218069,173.7925289
2251,0.321237802,1034.593862
2255,0.044905897,199.7821842
2256,0.01418036,396.0005097
2259,0.017994539,0
2263,0.30047483,1895.255453
2264,0.039598247,652.2321301
2267,0.111837227,1258.913894
2273,0.835666102,4333.433083
2277,0.655647657,1731.610326
2287,0.202537705,524.2447397
2289,0.241606262,1803.846339
2291,0.062935681,665.4303691
2296,0.821116694,3329.253708
2299,0.077123384,429.4843575
2306,0.060096761,71.1180585
2314,0.182405463,1962.899357
2317,0.027034408,0
2318,0.630586942,2905.456972
2321,0.872922281,3539.074546
2324,0.048558432,0
2340,0.590396519,2389.693409
2343,0.048780299,479.714575
2349,0.179100075,1476.146691
2352,0.165596474,1634.234194
2353,0.393195056,2082.368865
2365,0.824906654,3383.607698
2370,0.573605208,2333.747298
2378,0.123968231,1074.55783
2390,0.435523064,2829.248487
2399,0.20146799,1923.014695
2402,0.729462754,4371.703575
2403,0.577387008,3408.303778
2404,0.090310455,1098.670399
2414,0.109898038,698.9772053
2422,0.296436285,1880.868752
2424,0.107817218,1622.996176
2430,0.58789009,2162.036322
2435,0.339126963,2447.389311
2439,0.0701974,847.6939158
2442,0.408028763,2375.900242
2445,0.300303083,2549.958267
2449,0.258059608,1710.685504
2451,0.404962625,1663.517667
2461,0.780237551,3310.200638
2464,0.149266677,2055.304122
2465,0.616019645,3564.948206
2472,0.063803951,383.0019508
2476,0.416009447,2814.870782
2482,0.239901736,1472.035085
2487,0.213762706,2354.024714
2498,0.265765815,2203.086747
2501,0.06789429,249.4354641
2504,0.181704618,1178.274251
2511,0.355785902,2951.774815
2518,0.018249772,0
2521,0.166398446,1393.107687
2530,0.083705096,1001.696607
2543,0.581967045,3028.19913
2545,0.560965568,3250.464291
2561,0.396517418,2390.987989
2566,0.552588647,2616.232107
2572,0.202734052,1761.789731
2577,0.171091582,1545.876328
2578,0.234222936,2416.765574
2580,0.236164678,2366.709765
2581,0.112914216,1248.976618
2582,0.047380152,341.0792645
2584,0.050231399,660.4178519
2590,0.022030578,0
2598,0.006484056,0
2602,0.101809479,1777.324561
2605,0.008916698,0
2616,0.21333873,924.8231462
2618,0.196591936,2622.23531
2619,0.298533299,1520.85201
2624,0.045846734,480.466007
2632,0.19785379,1665.019233
2640,0.240981319,1363.7333
2646,0.017960738,0
2651,0.139788625,1201.946952
2660,0.025683769,0
2661,0.048547902,524.0574571
2668,0.090362876,452.2557291
2670,0.401039227,1632.96094
2680,0.335779963,3150.802856
2681,0.01586109,0
2689,0.213154857,1176.087208
2694,0.048126903,973.294106
2695,0.829266183,4189.373926
2696,0.504028264,3237.415924
2702,0.102661384,0
2704,0.127263275,944.6410533
2708,0.073978697,946.7346858
2709,0.056978182,185.2890822
2714,0.461582264,2372.244107
2716,0.069632099,0
2723,0.108794182,865.8969758
2725,0.410163412,1804.256231
2738,0.075693397,363.0589206
2750,0.488483485,2737.149047
2756,0.294957678,1473.528272
2758,0.056454984,46.03212445
2766,0.350782541,1270.011238
2767,0.346739892,1903.771817
2771,0.221250037,1345.61504
2775,0.400292539,2493.452878
2776,0.110584947,864.3030573
2779,0.940697428,4605.1511
2780,0.376472864,2179.950994
2781,0.402666303,2197.20861
2782,0.636690709,2638.380117
2783,0.155454537,1157.449309
2796,0.335961903,1954.851907
2798,0.291616105,1839.11883
2800,0.072985932,881.7397816
2803,0.082842378,521.9223953
2806,0.003591611,0
2813,0.140573707,1028.437247
2818,0.086453031,139.6578946
2821,0.557780195,1722.716638
2825,0.182679385,759.9016662
2829,0.031739649,0
2830,0.606344795,3445.847868
2833,0.083341511,969.1199499
2839,0.733021795,3000.982861
2843,0.045407432,80.19254312
2846,0.065501174,985.2040667
2847,0.100764336,1416.539785
2848,0.106729478,625.5468884
2856,0.768032489,4320.864239
2863,0.419859326,1739.873635
2867,0.418940777,2106.968498
2869,0.162677481,586.1893026
2873,0.008166743,0
2874,0.36648653,1859.219408
2875,0.454567924,2393.628042
2880,0.545306882,2057.208358
2886,0.514681136,3195.057188
2887,0.358301013,1850.884941
2888,0.243681464,1946.406073
2889,0.661826282,1771.587006
2890,0.580166794,2641.226082
2892,0.244718234,1285.203087
2901,0.224188228,895.8910817
2902,0.148036687,1774.223927
2905,0.374054942,2745.910428
2917,0.356282798,2440.55606
2922,0.583480319,3404.564256
2924,0.121639423,488.130914
2930,0.162837804,1049.086245
2931,0.110181328,1388.184708
2946,0.134532118,1811.59609
2955,0.330707846,2726.939924
2962,0.015293366,0
2964,0.019677459,103.2729722
2965,0.448769938,2501.808287
2967,0.024867781,389.3586084
2970,0.043662308,88.74908979
2973,0.338839579,1947.144387
2974,0.189605227,2045.384467
2976,0.621550054,4015.097065
2977,0.196796539,907.4527404
2978,0.20183931,1100.857828
2986,0.113922169,199.1636855
2988,0.253744836,1413.186582
2989,0.14972465,1525.419683
2995,0.686687721,4248.14524
3005,0.55284041,3292.473533
3011,0.101385483,457.3827377
3013,0.034552861,219.7233457
3019,0.649987298,2880.913048
3021,0.028452479,364.2254227
3022,0.301708769,1700.672419
3029,0.110682969,869.6886161
3037,0.167377787,824.4153527
3042,0.272368487,43.79617099
3043,0.149010782,1591.487234
3049,0.102551197,1010.8211
3050,0.601223499,2803.921608
3053,0.266837109,1736.065669
3058,0.204438877,2191.724019
3062,0.203530024,1550.6906
3063,0.415802004,3104.139236
3065,0.031456246,0
3080,0.063665084,0
3088,0.177905497,2557.198364
3093,0.509128936,2929.039428
3096,0.375328728,1799.776736
3101,0.318107043,2013.605588
3103,0.233070273,1673.012079
3107,0.325962815,1796.153884
3109,0.033415054,81.09459605
3111,0.114198494,568.542087
3113,0.819582088,3290.838716
3116,0.004784174,0
3132,0.118087049,991.8476651
3141,0.21011222,1549.690334
3153,0.356344505,2538.457787
3154,0.028500142,203.1967883
3160,0.181178426,1011.628334
3167,0.07449629,618.5887901
3170,0.394935095,2419.049544
3173,0.467940084,921.4664369
3174,0.286770734,1707.879079
3177,0.201854432,1708.525568
3179,0.223692246,1775.611226
3184,0.428732783,2107.712876
3190,0.346949662,1436.983599
3193,0.053853326,538.8564135
3199,0.314355806,1481.712164
3201,0.053690629,449.4452966
3202,0.257143398,1628.200459
3203,0.514407635,2821.760544
3206,0.462290742,3202.915862
3209,0.055950606,132.7045605
3210,0.478043198,2323.681435
3217,0.253837026,2133.524004
3220,0.140777403,1363.365014
3228,0.34546284,2779.420019
3232,0.027849431,183.616837
3239,0.130919469,1476.216768
3243,0.478403183,3151.429417
3245,0.158033992,1315.938876
3246,0.403366986,2541.827966
3251,0.045573188,512.8248162
3253,0.245337196,1727.467227
3257,0.094960075,472.1248403
3260,0.014787391,0
3261,0.308835632,2094.8069
3263,0.305469331,1329.377971
3278,0.199507996,1989.408957
3281,0.288263062,1105.359712
3283,0.096339425,631.9162944
3290,0.020612706,0
3297,0.25550066,2111.693866
3304,0.074829193,310.4547494
3305,0.421176699,1907.04245
3307,0.056677941,0
3308,0.274129027,2529.440374
3313,0.336735497,1655.895268
3314,0.21321468,2064.258134
3317,0.134609465,1686.369037
3348,0.055327172,72.04916997
3350,0.303809123,1694.822146
3359,0.036492346,0
3367,0.084873052,807.2315818
3376,0.097741636,1642.973622
3378,0.330462671,1063.402313
3384,0.834390539,4222.756355
3386,0.090187747,1770.183145
3387,0.093442724,672.7033941
3388,0.100711511,721.4771896
3390,0.041845198,0
3391,0.400367146,2590.257196
3396,0.217080888,1834.019327
3398,0.034784154,2.786996764
3404,0.028589895,121.8104922
3406,0.029563715,382.8438549
3407,0.050958671,475.9510039
3414,0.048241733,443.9808109
3419,0.168987085,539.3511263
3423,0.582326175,2500.677769
3427,0.049010909,100.3940467
3432,0.042449595,618.1537119
3434,0.041228036,0
3438,0.032057946,388.8032168
3442,0.154655104,245.5700997
3443,0.055418972,1079.967641
3448,0.059697814,105.7341749
3456,0.093571326,510.0609663
3464,0.135469695,847.5574458
3470,0.548453658,2129.408372
3475,0.529114027,2806.130898
3477,0.334171954,2083.76936
3490,0.077553095,42.12249895
3493,0.414660793,2733.601914
3502,0.525933965,2740.19963
3508,0.037560959,423.5925723
3516,0.089692237,329.4938532
3517,0.278092571,949.9492455
3525,0.280268893,2097.561286
3532,0.688298768,2805.268753
3535,0.358268923,1827.607334
3536,0.692851924,3113.840195
3540,0.118294558,1260.083246
3547,0.329144177,1978.609938
3550,0.411314819,2738.662081
3557,0.589853446,3390.470607
3562,0.149398414,1606.68326
3563,0.093611689,97.85534593
3564,0.268536458,1733.54281
3570,0.114064816,999.3216542
3573,0.327914818,2015.561972
3577,0.51123646,1913.053155
3579,0.641178347,2554.024483
3581,0.038617434,497.4027025
3587,0.220266136,1550.034084
3602,0.347627578,2087.472263
3609,0.338124602,2005.967016
3612,0.183332317,1508.011699
3621,0.348847889,1481.852074
3642,0.180604088,1669.465398
3647,0.792224262,4378.147532
3649,0.453437883,3198.897747
3654,0.463674542,3676.688958
3660,0.518388646,1576.711117
3665,0.682260452,2894.900266
3669,0.33639213,1349.126205
3673,0.149847836,1317.364825
3675,0.318139837,1869.977809
3678,0.068744361,0
3680,0.407635204,2215.52637
3686,0.576480783,2825.638058
3693,0.256615346,1980.888895
3710,0.491653179,3651.304894
3713,0.036726791,0
3718,0.361248245,1882.688569
3725,0.078303381,303.4636105
3726,0.361291181,2169.769483
3747,0.123866302,1322.781506
3753,0.019640713,0
3754,0.286374392,1760.520733
3760,0.79619335,3582.56097
3763,0.041522429,834.1680124
3765,0.253221224,3258.54593
3769,0.197912374,1196.255258
3771,0.449184222,2303.476176
3784,0.076905604,408.5763308
3787,0.15473451,2210.979189
3794,0.292052654,1152.685844
3796,0.073745318,981.946125
3798,0.065920977,734.9258178
3809,0.171708823,1647.549774
3812,0.308061331,3315.166083
3819,0.271965003,2445.260579
3828,0.188105658,937.6913496
3831,0.289652644,1288.841228
3833,0.124525192,1485.623816
3837,0.694846859,2834.18516
3839,0.590988654,3526.089888
3843,0.465715339,2348.094886
3846,0.121554017,1080.143675
3854,0.040601015,0
3861,0.053081745,0
3864,0.428455077,2179.420338
3868,0.04475446,121.9361854
3869,0.100387124,830.8703208
3870,0.179062665,1514.056633
3883,0.191405168,1801.211798
3886,0.054200692,0
3889,0.31865768,2970.387688
3894,0.385092631,2101.926179
3907,0.04065289,282.117622
3910,0.078931073,446.7401779
3913,0.028582368,0
3914,0.257739581,1517.73202
3921,0.337727138,1378.874271
3923,0.022995756,466.7937098
3929,0.569705036,3642.40495
3931,0.534239698,2975.819703
3932,0.320028773,1886.469859
3937,0.609469027,2627.370583
3943,0.218174623,1749.208319
3956,0.35266824,2782.521463
3957,0.451777623,1639.604289
3961,0.616621463,2677.865542
3971,0.228857582,1262.217046
4004,0.196942755,1412.33553
4005,0.04425381,996.7047642
4006,0.008418512,0
4011,0.155200217,1503.287164
4013,0.102657499,567.0775842
4014,0.077755088,134.7426014
4016,0.461209388,3013.37575
4017,0.019329532,0
4020,0.064194842,945.0749548
4022,0.110537672,2062.998401
4026,0.241002712,2005.62363
4032,0.176021685,1579.526501
4043,0.053725693,0
4045,0.283723995,2084.432367
4048,0.088719301,1301.213576
4051,0.087605235,687.0561276
4052,0.262064256,1402.87325
4056,0.041291289,0
4059,0.037270244,561.4088985
4069,0.037021634,0
4074,0.442302426,1738.927421
4076,0.311382222,2715.380077
4077,0.675797722,3663.927632
4079,0.710928701,3037.879478
4081,0.579474632,2690.026871
4088,0.16097865,990.4164735
4105,0.103029255,1541.647631
4125,0.203780426,1650.537029
4134,0.472855954,2719.659037
4139,0.005907977,0
4146,0.05052547,799.5741331
4149,0.133451059,808.3481182
4151,0.727917901,3179.02011
4155,0.137462211,1283.318358
4157,0.157976133,1261.826434
4168,0.591957061,3143.140238
4170,0.221852295,1486.607819
4174,0.090965774,302.2510773
4179,0.29582037,1241.913284
4185,0.139085915,351.7341205
4199,0.69983707,3253.23851
4205,0.097807474,693.3549287
4208,0.025476354,0
4211,0.77749891,3115.631113
4212,0.056319851,887.3754488
4215,0.62263324,3343.175662
4217,0.091725911,1444.283523
4219,0.869232882,4150.407342
4226,0.440079153,1116.224801
4227,0.296751231,1315.208145
4229,0.051928742,207.2953776
4231,0.100603063,1894.005106
4233,0.011066767,0
4237,0.404261646,1438.243293
4243,0.428793563,2214.516637
4248,0.14133589,2422.866174
4255,0.092193616,910.5615289
4262,0.050360306,1324.33584
4266,0.599517108,2858.689066
4268,0.333533039,2254.040725
4270,0.731663098,3762.389374
4273,0.044136128,259.6559048
4276,0.064878696,505.4647625
4277,0.176111396,1653.122804
4279,0.269736145,2255.806364
4299,0.111049981,1173.123565
4313,0.031788533,288.1618693
4322,0.039285573,118.8078057
4324,0.069956236,627.9099659
4328,0.234972357,2219.091527
4331,0.335974933,2359.559449
4335,0.036283831,241.6300427
4337,0.389470343,1651.933726
4338,0.313628058,2085.645518
4343,0.080515531,527.8524614
4347,0.105221551,1616.647562
4355,0.677329087,4041.708014
4357,0.003421678,0
4359,0.039375293,135.5013792
4362,0.228718111,1755.441958
4368,0.557635897,3164.267067
4374,0.084346373,387.9440267
4375,0.454175632,2324.110431
4378,0.445753613,1766.113688
4381,0.694397198,3923.670145
4387,0.110161601,1905.51624
4400,0.031244037,0
4423,0.207252421,1340.835536
4424,0.042685339,0
4428,0.471063801,1770.568222
4433,0.685603146,5071.051018
4436,0.535910542,2486.561443
4437,0.22373314,1733.856858
4439,0.340742181,1872.447853
4449,0.170331812,1370.211802
4456,0.105291828,816.3058836
4463,0.128984803,863.4744477
4467,0.079532563,1061.466335
4468,0.049491062,511.9687163
4469,0.035514059,175.4167032
4472,0.161492667,1586.839742
4473,0.027298216,479.8640718
4476,0.766357401,3436.168303
4500,0.022358249,0
4509,0.224104282,2177.262443
4513,0.894216499,4082.113664
4521,0.018606663,254.1524735
4527,0.474565436,3340.068289
4530,0.447210284,1964.249435
4532,0.42594239,2413.781812
4533,0.118036165,766.9833836
4535,0.374587609,1667.73828
4536,0.394493354,2769.827785
4542,0.363945211,2060.753027
4551,0.691202985,3777.548442
4554,0.093074308,951.6408061
4555,0.49380658,1897.94011
4564,0.234992313,990.3247743
4572,0.593596491,2236.281808
4573,0.093349737,344.7872441
4577,0.283579138,1796.619451
4579,0.197233801,1256.746572
4583,0.08766608,245.4269843
4584,0.366611745,1538.088848
4596,0.053136375,211.137125
4599,0.187048787,1163.292655
4607,0.331504072,2342.404859
4609,0.474603267,2616.446187
4610,0.049670054,0
4616,0.406334513,1922.458548
4617,0.336688288,1445.105282
4633,0.235888232,684.2253216
4638,0.337035227,2201.798706
4641,0.03568757,130.7941064
4653,0.508735124,1834.935532
4655,0.26768135,2148.38207
4659,0.372866922,2000.282192
4669,0.097296134,856.386917
4678,0.068690788,1585.598173
4685,0.648757187,3175.766115
4686,0.253608694,1908.809444
4691,0.289632119,1672.668192
4695,0.155342935,958.5229392
4698,0.171809528,1370.773029
4700,0.583135667,2334.762557
4711,0.076326788,1062.067685
4722,0.040729093,563.13986
4727,0.424067531,1600.633797
4756,0.011395654,0
4762,0.295540975,1331.444348
4763,0.365999353,1835.461767
4766,0.083560448,1370.379801
4770,0.088942806,1420.51053
4784,0.382585063,2667.666501
4791,0.101960737,871.4071118
4795,0.066521342,818.1105292
4799,0.595107545,2963.007942
4802,0.570581265,2702.74078
4805,0.543724038,4009.181567
4814,0.622826009,2915.669254
4816,0.412359846,2699.666623
4817,0.053781618,596.0742511
4822,0.338748327,2167.949494
4827,0.577395067,2596.626124
4833,0.148760529,1526.970265
4836,0.011693054,0
4842,0.304092518,3004.973636
4844,0.084557476,1262.935239
4845,0.411060469,2139.279673
4849,0.263889744,396.6973409
4850,0.222085318,2384.017488
4860,0.042185149,0
4863,0.339571127,1873.61611
4871,0.086080881,1308.586991
4878,0.283474972,1022.827873
4881,0.694127821,3092.437688
4888,0.589116731,3074.769865
4900,0.191100645,1127.793829
4906,0.433524463,2815.242078
4909,0.019585394,25.60857937
4916,0.155249149,978.6144037
4918,0.313210243,2522.284969
4926,0.373765246,1922.909755
4928,0.104435518,911.4633945
4941,0.4399056,2626.681769
4946,0.077708786,1305.123647
4949,0.100849669,1155.569737
4956,0.03615987,0
4966,0.047140938,649.5244401
4969,0.443435511,1449.900735
4973,0.107349313,238.4434327
4978,0.462920488,1846.051053
4982,0.254680254,1301.973406
4985,0.032811589,135.5208798
4991,0.19096046,1659.348295
4998,0.030290542,433.4893644
5000,0.562470854,3467.640378
5004,0.437387616,3226.853242
5005,0.58278298,3076.575857
5011,0.688234909,3282.164834
5016,0.496078049,1755.356776
5018,0.052906717,936.8895263
5034,0.23996726,1176.446978
5038,0.022735885,0
5042,0.075081327,1343.998374
5046,0.070547049,714.3845528
5051,0.246657451,2486.495449
5054,0.128010847,194.0549489
5057,0.274849497,1386.221503
5062,0.037881643,378.924073
5063,0.036505394,167.5474099
5065,0.096405218,1043.016221
5066,0.10564346,1203.139244
5076,0.204847692,2042.788885
5089,0.190036362,1280.462819
5092,0.570730362,2104.15551
5093,0.560780579,1178.433627
5094,0.026153409,0
5098,0.813224739,2842.428087
5102,0.042983913,656.6329099
5112,0.300661922,2448.531851
5117,0.441660384,2719.027907
5127,0.576504398,2725.824648
5130,0.275819932,2076.003163
5131,0.486942279,2650.125603
5132,0.552421783,2593.806181
5135,0.772490588,3582.804193
5136,0.026948685,0
5147,0.434512715,2562.13584
5157,0.081216295,1217.034802
5160,0.269478502,1145.523575
5165,0.016901005,0
5166,0.623610576,2493.069507
5172,0.645611845,2904.476069
5173,0.217647378,1185.503475
5179,0.740034191,3537.207452
5184,0.452457513,2372.119769
5187,0.055566559,1991.905717
5191,0.073426608,577.7432249
5193,0.186049977,1771.630277
5194,0.128010334,1081.173719
5199,0.189812218,1938.294365
5212,0.031485926,116.8093306
5213,0.529299207,1978.445647
5224,0.261571893,985.1520173
5226,0.13222092,713.9085311
5239,0.283795614,1790.091263
5252,0.777783799,4410.82171
5264,0.173532115,1501.265838
5266,0.015251153,0
5271,0.02329096,0
5273,0.036989382,0
5276,0.706328383,2559.452089
5278,0.051135165,0
5281,0.639263499,3243.508296
5283,0.60185577,3329.170683
5291,0.078215132,0
5294,0.346969434,1589.419835
5296,0.521644358,2118.975259
5297,0.84539975,4298.845351
5313,0.028273017,0
5314,0.203311793,957.9083101
5321,0.179379549,1133.430855
5325,0.011141653,0
5326,0.125254314,1038.883095
5328,0.018451844,0
5334,0.169088475,1689.16095
5338,0.465571102,2228.002236
5344,0.218159536,1585.301386
5348,0.116452626,1426.187003
5352,0.215746877,1884.153487
5353,0.078120109,767.1817158
5354,0.380220599,2079.691924
5361,0.861130705,3452.097166
5364,0.019340299,0
5365,0.118632207,622.4355623
5367,0.426742854,1368.008057
5379,0.469965654,2680.96629
5382,0.384272321,2954.366156
5386,0.284280217,1701.871655
5395,0.07773018,500.9132292
5410,0.252078152,1615.941515
5411,0.112165348,582.9459625
5416,0.48231072,1539.521085
5424,0.597143404,2997.081824
5426,0.208693806,2087.550452
5428,0.204748488,1206.091662
5430,0.261816577,919.5562233
5433,0.248491285,1563.234875
5437,0.003460183,0
5440,0.222358148,1694.806653
5442,0.862658047,4265.57789
5445,0.485625321,3207.002845
5449,0.153671288,906.7246555
5452,0.465013919,1549.842772
5460,0.523368068,1768.617604
5461,0.035015334,0
5465,0.114124385,1171.028142
5467,0.080847486,0
5471,0.263769751,2199.721852
5474,0.611176266,4390.082861
5475,0.035986644,0
5480,0.03987232,0
5481,0.257605011,2080.2096
5484,0.091061103,80.01167256
5494,0.080090785,1021.481491
5495,0.714533415,2909.066181
5497,0.066243154,474.845394
5499,0.552848504,3248.017666
5507,0.043282932,519.2736296
5510,0.101447756,1274.521285
5515,0.140163924,1275.72285
5516,0.068386588,339.8368777
5517,0.199582621,1801.761445
5524,0.076774148,520.7229898
5530,0.161770435,1523.407369
5534,0.273979261,1923.60565
5543,0.435215225,2457.492183
5545,0.584875519,2805.5458
5558,0.075023812,359.0323283
5562,0.167709423,2344.359397
5573,0.759035128,3657.259688
5581,0.138130722,811.4251715
5583,0.52649719,3039.83607
5587,0.396123997,2135.654356
5589,0.761262942,3635.450539
5591,0.143443471,1280.115625
5596,0.315189474,1642.712563
5606,0.80366433,3514.641959
5608,0.266095029,2021.605701
5611,0.053273004,0
5612,0.23910181,1415.825896
5614,0.251943039,1811.291114
5620,0.020651152,113.2119702
5623,0.134829905,751.9857252
5624,0.096783235,1010.804835
5626,0.220532267,1437.862126
5633,0.155999803,1205.718059
5635,0.042163988,66.8958461
5640,0.451337773,1864.68454
5643,0.093439345,1215.17924
5644,0.445698528,2019.823162
5653,0.327363572,1627.216282
5663,0.026664359,0
5664,0.597370761,1575.847446
5667,0.453843665,2518.709249
5671,0.527508535,3188.77733
5673,0.599642964,3263.00812
5676,0.052708278,0
5678,0.118515275,1261.213448
5698,0.20784074,1715.76277
5700,0.018387844,0
5705,0.376544024,1802.350759
5706,0.788476144,3475.858113
5711,0.042882561,166.9191728
5712,0.854726271,3090.557388
5716,0.177310659,1283.830376
5719,0.327931455,2844.542895
5725,0.819301702,3079.417632
5728,0.062586994,0
5734,0.051941099,428.796998
5735,0.061833248,248.5423701
5743,0.161275627,1419.889922
5754,0.226666361,1361.605105
5755,0.395461423,2023.119172
5756,0.103646918,810.3491507
5766,0.020800275,0
5770,0.533290276,2403.971447
5774,0.230695026,1753.397407
5775,0.025894663,0
5776,0.139345912,1370.205021
5778,0.033507446,0
5786,0.51163761,1795.582474
5787,0.350063702,2951.055657
5791,0.216855202,2266.599665
5794,0.235106422,1832.548757
5803,0.247256725,1800.581124
5804,0.24868947,1554.688435
5808,0.127063881,638.1708162
5810,0.020838786,193.3350829
5813,0.579443502,1666.649667
5828,0.158833294,2164.791453
5839,0.276630357,1752.425946
5842,0.37652695,2576.137123
5843,0.036773249,0
5844,0.24723645,2065.611543
5847,0.609656409,3833.38938
5851,0.019885108,754.3192207
5854,0.048516129,1702.945507
5857,0.014092309,94.80581004
5866,0.503602465,2817.019835
5874,0.416749716,1409.669646
5886,0.066473079,1093.735478
5895,0.099588188,488.8400831
5897,0.03706194,0
5898,0.274637449,1327.436688
5900,0.750848383,3782.380004
5902,0.306976305,2571.209433
5908,0.665064235,2355.347103
5909,0.018912236,386.946072
5912,0.031787873,107.8503064
5913,0.090791596,631.4274454
5917,0.300943737,1777.781562
5918,0.581092228,4215.480285
5921,0.101987525,986.9185111
5931,0.334308334,1241.921508
5942,0.324398705,2240.002646
5943,0.677718099,3257.320271
5950,0.025938142,232.7227124
5954,0.007378129,0
5983,0.021625602,0
5995,0.708269654,3418.034916
6002,0.096904658,1773.363946
6005,0.036134441,0
6009,0.333642562,1354.45291
6011,0.005624383,0
6012,0.012251949,0
6019,0.20063286,956.4006498
6021,0.142305471,1140.857119
6029,0.714688898,4565.967897
6036,0.411383517,3163.89737
6037,0.004906216,0
6038,0.044781192,0
6043,0.062064199,493.5720349
6045,0.164899039,908.5156865
6047,0.702289588,3331.727292
6048,0.026769791,0
6061,0.296280505,2346.441207
6063,0.213986793,1549.387459
6064,0.083736845,986.8490008
6068,0.770459437,3407.390466
6069,0.047952322,0
6070,0.450670518,2642.909067
6071,0.189974877,1284.910803
6074,0.200332173,2303.744607
6079,0.28409995,2020.118093
6082,0.02393355,178.0175318
6088,0.769960392,3881.199497
6094,0.072449467,943.0404187
6095,0.316318961,1942.844832
6098,0.332189354,2648.692091
6102,0.031830905,0
6105,0.444644082,2061.051712
6113,0.092632563,1754.291071
6116,0.268554771,2210.774323
6120,0.237545962,1772.672218
6121,0.390839305,1783.599871
6126,0.325398195,2347.489002
6144,0.110471604,1205.692219
6145,0.033286902,487.5136926
6153,0.342581775,2276.129562
6156,0.14331432,1699.642839
6159,0.222221395,2110.430868
6162,0.077582156,1741.735725
6184,0.650450507,2178.648068
6188,0.27861511,1369.268698
6189,0.343773156,2889.195369
6191,0.533848132,1790.019948
6211,0.463249937,3364.467059
6216,0.172815479,1078.661436
6218,0.615209991,2072.059214
6222,0.28767848,1896.048507
6235,0.20269223,1335.39317
6245,0.160220222,1360.469594
6248,0.655397604,3303.60516
6253,0.308882051,1842.920175
6256,0.006105383,0
6257,0.448239905,2166.574925
6259,0.373121042,2733.043834
6266,0.07968498,1400.032744
6268,0.309064453,1471.842011
6275,0.224908172,2234.924225
6280,0.639627655,3553.932458
6283,0.442111582,2451.042612
6288,0.059434519,516.4250791
6289,0.089035941,454.7595732
6301,0.037528566,576.6948419
6308,0.16274526,787.3577599
6314,0.022309202,0
6315,0.103067799,216.9341944
6316,0.572802086,3748.684472
6317,0.468492587,2509.187332
6318,0.04410641,354.9225152
6323,0.705210268,3313.385496
6329,0.453307524,2324.323384
6336,0.212738051,1712.3602
6341,0.895809759,5128.404354
6348,0.169845545,2312.991308
6349,0.036001586,503.6599449
6365,0.029829969,60.67244911
6372,0.211324522,632.2863201
6376,0.034389786,311.1561901
6378,0.061450124,103.2322049
6379,0.820459055,3452.684805
6382,0.149152735,839.5063686
6383,0.531581158,3453.640226
6389,0.753306329,2801.982038
6390,0.025559563,0
6392,0.036169637,0
6394,0.518812072,2489.538746
6402,0.104274481,1245.466454
6404,0.395262874,1831.577293
6405,0.024209826,0
6406,0.352955672,1286.196748
6409,0.080100178,847.7833373
6410,0.10695283,270.1388964
6411,0.078738978,513.9165833
6421,0.079279847,862.4155313
6428,0.375111136,2221.689672
6429,0.237010604,1499.452496
6432,0.173760312,1112.914587
6436,0.024037629,0
6437,0.347679877,2164.23131
6438,0.264714989,1114.53924
6445,0.082926044,1467.836254
6447,0.527793056,2531.494458
6450,0.028672313,0
6462,0.167226031,1029.078731
6467,0.67189755,3778.693623
6478,0.029005664,0
6484,0.184112108,1968.871259
6492,0.336765477,2772.071952
6497,0.026645014,0
6504,0.20087237,1211.540515
6505,0.176319833,1796.958903
6513,0.539939749,2154.229017
6525,0.221873904,115.1440706
6526,0.25415807,1519.26297
6528,0.028634711,140.9030515
6540,0.007738454,0
6542,0.14474718,1617.128078
6544,0.507616823,2423.690633
6548,0.067992526,667.6731516
6552,0.20564132,1898.602434
6558,0.009699734,0
6567,0.027954488,0
6569,0.587392434,3968.863996
6572,0.116078525,882.3453056
6577,0.048435175,697.4468961
6581,0.223549612,1588.047418
6588,0.599176436,2930.100784
6591,0.71735153,2421.310701
6594,0.223496664,2071.995024
6600,0.548189398,3399.120419
6602,0.227632345,2092.888777
6604,0.067264976,373.9695108
6605,0.029773958,0
6614,0.281028543,1624.064525
6616,0.160372754,1399.348927
6621,0.414721416,2786.050831
6640,0.322619497,2292.236276
6641,0.320398976,2859.055869
6643,0.036317491,588.540975
6644,0.171357672,1670.14653
6649,0.543932049,4148.405561
6650,0.729644784,2978.476159
6655,0.415415397,2570.153996
6661,0.024934463,0
6672,0.311855358,1535.38951
6677,0.041074406,0
6688,0.050461272,394.1013218
6689,0.061733601,92.5439933
6691,0.045790471,0
6692,0.402537951,1687.889829
6694,0.770211988,3129.819751
6702,0.552300792,3092.666846
6714,0.044543548,195.0451883
6716,0.447385218,2360.796614
6724,0.07157692,741.8366263
6725,0.11811901,780.0225998
6730,0.151179041,1823.083828
6735,0.487546126,2723.216766
6738,0.358260756,3058.566946
6739,0.247342652,2198.067441
6743,0.281866064,1678.654475
6747,0.144564253,1561.850814
6750,0.744512308,3688.239355
6751,0.676514101,2017.42088
6753,0.398224624,1943.761363
6754,0.2601996,2713.16253
6755,0.077571148,1535.720173
6762,0.163753806,1404.821649
6764,0.062346776,0
6772,0.660078155,3481.880731
6774,0.100967205,975.6840338
6787,0.24533337,2243.36838
6789,0.033605019,0
6793,0.124946649,1919.77626
6798,0.014726446,0
6799,0.026207599,0
6800,0.092664123,853.9286778
6802,0.031635701,248.793615
6808,0.356646171,2473.496181
6809,0.079718602,945.5665148
6812,0.011736203,0
6814,0.866937898,4541.201733
6816,0.478992379,2661.310578
6822,0.07091544,1576.339217
6829,0.408735716,2873.890446
6834,0.856922835,4936.260122
6836,0.02406386,0
6839,0.161171855,1066.562103
6840,0.539497437,2127.660629
6843,0.048709626,1228.840603
6846,0.397102746,1256.187218
6848,0.01702493,0
6852,0.065518265,699.643813
6856,0.214273342,1209.219828
6860,0.112654252,1576.178936
6866,0.424192978,2243.004962
6870,0.382769422,1680.638737
6878,0.524597565,2485.288608
6880,0.102044945,775.4366422
6885,0.034255439,0
6897,0.064213644,372.6927041
6902,0.765547718,3267.014446
6904,0.496380444,3000.344311
6907,0.071320542,666.3518689
6909,0.190613622,2018.359066
6914,0.605693694,3241.191802
6915,0.480758583,3092.20336
6922,0.276000145,1450.081656
6924,0.157601868,1327.241147
6933,0.075703399,142.1626011
6934,0.087333946,1083.59673
6941,0.327103716,1498.860143
6957,0.205417604,2199.347031
6960,0.051721247,315.106821
6969,0.038789309,413.8708489
6975,0.10818231,1434.231188
6980,0.713805846,3695.229312
6983,0.053117872,0
6987,0.096768218,824.0659054
6994,0.066692692,7.224669119
6997,0.007942972,0
7002,0.133371247,1408.909767
7010,0.02079846,0
7015,0.418684756,1401.527344
7019,0.199644944,2079.147273
7022,0.428936078,1858.591978
7025,0.025851413,330.5144547
7029,0.059696886,1126.201332
7031,0.159213011,1119.441344
7037,0.393183319,2246.899135
7038,0.168834318,1701.886487
7043,0.100570425,0
7049,0.074920771,0
7052,0.195489214,501.7183472
7053,0.310246399,1802.381863
7056,0.006925853,0
7057,0.533908818,2270.672108
7080,0.211781559,1619.186992
7086,0.139739113,1884.876637
7087,0.05585078,260.0090128
7105,0.388620842,1764.507898
7108,0.009428506,0
7121,0.462315732,1321.666764
7122,0.24449337,970.2135521
7125,0.436821578,2433.505021
7132,0.318558875,2327.08109
7134,0.15256483,1408.725031
7151,0.303000293,1348.945888
7152,0.725094612,3382.638354
7157,0.185174865,2297.314131
7159,0.112602012,667.3678754
7166,0.833740502,3197.690623
7167,0.122355513,576.2734945
7177,0.039320633,0
7179,0.707896432,3508.760923
7181,0.316458048,2450.604993
7183,0.154471467,1508.753469
7186,0.030012107,0
7193,0.017665216,793.7373089
7205,0.039130989,527.1636841
7207,0.018683737,0
7209,0.449339975,2385.547322
7216,0.279693989,1445.159227
7232,0.7901837,3831.594758
7235,0.184179823,1075.819739
7238,0.333809382,2162.315133
7240,0.629815369,2494.236825
7243,0.331906425,1673.434802
7252,0.243457507,2149.004051
7269,0.218821588,1399.232837
7275,0.035724519,0
7281,0.170203923,1814.793612
7283,0.048274183,716.437156
7287,0.272484437,2253.918493
7289,0.287618249,2409.522661
7291,0.37311989,2648.441166
7294,0.031899153,141.410328
7304,0.490053903,1336.690811
7308,0.21560319,1971.753737
7313,0.050077311,762.3696959
7319,0.431641138,2049.429542
7325,0.071502461,708.6816336
7326,0.121635345,1723.486136
7330,0.341025046,1923.635081
7332,0.009373196,0
7337,0.351733186,1705.065691
7341,0.161185587,416.1651651
7346,0.449593096,2342.23218
7353,0.53817936,2401.503727
7354,0.680973284,2769.723129
7361,0.338575413,2318.339894
7366,0.540631989,2819.314152
7368,0.036410303,0
7372,0.036248556,60.45633568
7375,0.396690398,2004.132498
7377,0.401734007,1545.263207
7380,0.127475018,1272.203678
7382,0.409780777,2109.384982
7385,0.728995274,3565.332301
7392,0.738358284,3562.220291
7395,0.041137748,0
7397,0.309245274,1520.594895
7403,0.051785035,90.69293001
7406,0.454401955,2119.041455
7409,0.673035083,3252.822671
7410,0.244144004,2411.730968
7412,0.048693351,242.1391969
7419,0.3259954,2361.038708
7425,0.098957613,200.573735
7435,0.184481666,1241.60639
7438,0.331802586,1932.318878
7440,0.160953347,1085.683205
7447,0.104506475,911.4225073
7449,0.649990149,3122.500407
7456,0.308953884,2245.549816
7464,0.094750984,1264.989784
7478,0.209597192,2202.624194
7480,0.043303778,13.28896434
7481,0.421553299,2183.842622
7483,0.27988783,432.0291902
7484,0.13909453,1230.280561
7491,0.557221602,2637.078682
7494,0.366095716,2391.966644
7501,0.481589543,2869.733988
7503,0.839961273,4758.801055
7509,0.145691936,212.646709
7517,0.16104289,1086.389213
7518,0.215702785,1063.923246
7519,0.192292916,1745.587485
7521,0.455946972,1755.362396
7522,0.631983053,3111.18219
7536,0.080836359,1148.673492
7539,0.018237694,1013.72425
7547,0.499180276,2552.017555
7549,0.040658262,549.4156868
7552,0.420494295,2845.695099
7554,0.31057179,2557.747641
7556,0.046611218,980.6264398
7564,0.137040636,1043.478083
7566,0.255160845,2023.542348
7570,0.289994985,1785.312659
7571,0.024794592,0
7572,0.215054478,1607.765291
7575,0.065463545,712.7416498
7586,0.08464266,993.1487988
7589,0.038454521,580.4683687
7590,0.036638867,287.9583703
7597,0.38491673,1224.264048
7602,0.019925005,0
7604,0.372122022,2423.488129
7605,0.384748058,1898.037604
7612,0.789066285,4227.239178
7615,0.063908152,0
7617,0.113193773,1565.333948
7624,0.109239046,960.7324218
7632,0.1450063,1061.635403
7639,0.31710034,1868.44506
7642,0.246182663,1721.043701
7643,0.164480563,1629.106528
7649,0.438778392,1720.929208
7650,0.521556601,2132.969462
7653,0.319299612,2467.262387
7654,0.269721941,1208.477424
7657,0.557906286,3325.411722
7662,0.226457767,2074.789605
7669,0.798714135,3665.999575
7671,0.017202743,0
7675,0.067518546,543.0599267
7678,0.179655431,1659.706843
7682,0.831934391,3696.951001
7688,0.4503546,1594.585053
7689,0.131891376,971.8146413
7690,0.107352831,782.9133315
7692,0.417167694,3013.616144
7699,0.372377243,2506.752688
7705,0.690653738,2246.229757
7712,0.152520099,1030.365108
7726,0.571379794,3067.280642
7728,0.27297971,1403.252912
7735,0.457865697,1582.367266
7737,0.678518177,2698.094144
7739,0.050383232,299.202992
7743,0.576055453,3481.934229
7744,0.257117562,1228.370223
7746,0.186987898,1397.271834
7749,0.207922244,1372.625109
7750,0.366523139,1491.399203
7752,0.057757107,179.3626287
7755,0.106745341,954.9495453
7756,0.82687281,4559.552402
7762,0.124045199,1952.126851
7764,0.737689384,2935.106059
7769,0.115576492,735.5459531
7770,0.421683746,2397.115183
7776,0.141124227,712.3575508
7778,0.237283805,1273.120293
7784,0.518936918,2705.714377
7786,0.271320853,1872.603888
7789,0.226326101,917.1308175
7793,0.37319291,1872.723541
7794,0.045773211,174.105778
7804,0.270110729,1948.883584
7811,0.170820265,1441.220102
7813,0.18569791,1297.164329
7815,0.343480022,1991.870534
7817,0.014223831,0
7818,0.213063796,2005.860853
7821,0.162472725,1414.62619
7825,0.041580784,0
7830,0.513733789,2420.539126
7832,0.158854732,1516.296456
7835,0.008169514,0
7839,0.186730262,1577.252318
7842,0.024300764,93.75627579
7849,0.642422232,3523.875093
7856,0.427773928,2775.168013
7857,0.003075258,0
7863,0.072323578,740.3463358
7866,0.185582269,1341.144675
7871,0.09395357,1081.220594
7875,0.535746891,1682.880193
7882,0.646707861,3956.832024
7887,0.576185553,2932.315794
7888,0.679177363,3483.197179
7891,0.902637006,4766.541496
7895,0.016913285,0
7901,0.305779222,1729.445477
7906,0.323862341,1961.914531
7908,0.848107196,3999.965663
7917,0.184700136,646.8632443
7924,0.593830498,2713.313404
7948,0.398435598,1580.229853
7950,0.681117426,3500.46384
7955,0.147403992,1648.275541
7957,0.035155358,0
7959,0.258902225,1541.843495
7967,0.041134549,728.3797261
7969,0.059914667,1176.923041
7971,0.225157774,1833.578232
7974,0.227063334,1863.641204
7976,0.074859714,892.5159364
7986,0.761070878,3426.502383
7987,0.690911068,3273.41688
7993,0.234470998,1757.816743
7996,0.464547252,2628.70417
7998,0.206298865,456.1551255
8018,0.04241936,0
8019,0.427064755,2548.044843
8027,0.019315246,0
8036,0.04640388,657.5307063
8040,0.065726404,0
8044,0.103721214,1119.898178
8050,0.046344684,1112.398258
8052,0.371991408,2179.982409
8054,0.303503208,1243.414056
8057,0.682091539,3051.008908
8058,0.139484404,0
8059,0.553036956,2953.109685
8066,0.864435601,4022.165062
8070,0.042294587,713.67298
8072,0.523936176,1509.699854
8078,0.023167406,0
8079,0.068477278,505.0910287
8080,0.377744686,1216.99406
8081,0.166564271,1597.142428
8088,0.104943241,1433.08547
8091,0.653132045,2762.657365
8094,0.203498545,2286.358158
8095,0.706460915,3514.06581
8099,0.071261661,483.7338519
8101,0.293271129,1824.870235
8102,0.01184308,0
8116,0.41987026,1971.02798
8125,0.190910494,1808.976454
8134,0.403403882,2760.094546
8139,0.024382343,398.9006743
8141,0.086537649,1018.936405
8147,0.05963338,387.7820466
8158,0.32564158,1720.929208
8160,0.073195783,115.3215374
8165,0.404941842,1411.080089
8187,0.355921073,2388.732289
8205,0.267102343,1611.108579
8209,0.309451392,2702.788188
8211,0.377279391,2087.06297
8232,0.004260279,0
8236,0.096553901,235.3712205
8237,0.276392284,2457.752302
8238,0.7522608,3593.227698
8245,0.362389163,2414.990811
8256,0.36472118,1112.990444
8268,0.050917856,740.5331592
8269,0.019185825,0
8270,0.317096043,1640.928877
8286,0.119400993,533.8250028
8289,0.06177373,846.9782777
8301,0.43244563,2323.485736
8305,0.10482199,574.7839653
8310,0.245234964,2456.082761
8312,0.027818981,743.9699247
8318,0.90823099,3740.521811
8321,0.18320349,1340.348331
8328,0.03638789,0
8331,0.035373578,65.19992701
8334,0.360488994,1339.604871
8344,0.178201479,1745.599467
8345,0.20137065,1420.413275
8352,0.236370632,2427.595148
8358,0.463493791,2412.457902
8359,0.255864201,1972.66042
8360,0.170283908,796.5180189
8365,0.2141137,2188.126521
8366,0.182225426,1069.955886
8369,0.630390474,2625.881858
8373,0.029380859,273.4561429
8378,0.108768203,1815.638331
8392,0.128109404,1660.850573
8397,0.539257853,2111.872669
8399,0.189388661,529.7255782
8400,0.123798472,1314.046319
8405,0.54597233,4707.817724
8406,0.052034798,0
8410,0.125952838,541.5292602
8413,0.076682554,962.3456444
8414,0.419401103,2495.941162
8416,0.759886632,3411.690731
8426,0.039042292,0
8434,0.274296624,1978.453667
8439,0.078574016,598.2256798
8440,0.110178069,227.8541254
8475,0.012749849,0
8480,0.089736215,691.0164257
8497,0.205748732,1039.956265
8499,0.808502545,3743.579417
8500,0.360843403,2319.083017
8501,0.046499256,539.0129811
8502,0.520409462,2207.884131
8518,0.329059466,1312.869338
8520,0.502992526,2177.622072
8523,0.339283167,2827.3381
8525,0.126855787,1664.293975
8532,0.087080403,653.9189179
8535,0.316144331,2693.45131
8543,0.264504305,462.34634
8554,0.230888974,1162.536399
8560,0.105671654,1042.398563
8561,0.267653432,479.4349523
8563,0.020285009,309.6710425
8566,0.818071958,3038.408736
8570,0.371460142,2753.908924
8572,0.064979432,254.0830895
8582,0.180795007,996.8687809
8583,0.268435332,1747.690526
8587,0.191321583,1642.747425
8592,0.335019759,1917.911622
8593,0.451781505,2445.486759
8607,0.017196411,0
8609,0.138205848,2343.583314
8610,0.054529963,0
8614,0.375113756,2607.210785
8616,0.442438229,2911.101566
8622,0.198899878,1208.948953
8623,0.123038231,1293.733295
8624,0.232320835,2788.914307
8633,0.160776778,1038.685467
8641,0.296398214,2069.491945
8644,0.684482664,2919.929685
8649,0.615872044,3544.367743
8653,0.163729259,1291.415416
8657,0.165818723,1649.906241
8658,0.14583647,786.5856773
8663,0.093337559,227.562551
8672,0.607776521,2364.678135
8680,0.359795425,1423.710965
8684,0.509129599,1704.237923
8687,0.096538455,215.9420073
8688,0.030707163,0
8690,0.141396001,219.567811
8712,0.211944768,1828.641466
8717,0.302307088,1792.397007
8730,0.041232862,29.42886627
8739,0.11743406,2167.644672
8744,0.029518004,0
8747,0.306289907,1778.431556
8748,0.280348615,1714.04107
8751,0.70641718,3312.222365
8758,0.221886808,2036.151535
8761,0.453707053,2832.283381
8763,0.007062395,0
8764,0.241025628,1513.631757
8765,0.206128189,1019.368839
8773,0.076831833,0
8780,0.147800613,1605.483701
8781,0.096775465,72.29469557
8782,0.397931304,1687.715539
8785,0.154277187,1503.289448
8786,0.121559238,953.9940468
8797,0.843829459,3677.824294
8799,0.048093374,0
8807,0.722746804,3300.352948
8816,0.050655191,247.3980786
8817,0.059473099,1582.713908
8826,0.262543862,1561.585005
8833,0.160819462,1370.714009
8834,0.061227334,298.4569983
8835,0.089506333,857.3171494
8840,0.117339117,1452.739409
8843,0.094468794,756.9024756
8849,0.330654073,1739.210555
8855,0.122173449,1350.778398
8861,0.255141409,1958.622135
8862,0.194484178,1714.144738
8865,0.312740542,2224.5559
8868,0.005020605,0
8870,0.013513272,0
8880,0.308599566,1780.154476
8885,0.053244907,408.2968747
8894,0.178944592,2149.819862
8895,0.114943733,29.49538152
8899,0.040529293,459.761292
8912,0.315700097,2165.59814
8922,0.015900811,0
8924,0.135707138,401.8240915
8928,0.278250432,1552.427353
8932,0.354931269,2092.145436
8943,0.187242284,1049.641625
8945,0.068614919,620.638145
8946,0.048528872,189.7980377
8954,0.323468975,2128.940145
8958,0.361478223,1826.856648
8960,0.656645284,2588.405298
8965,0.304910691,911.4651064
8966,0.031147319,0
8967,0.030131265,339.302862
8969,0.291547967,2208.971435
8980,0.149594497,1449.190959
8984,0.026866501,0
8985,0.732859961,3963.325205
8988,0.352332962,2605.033074
8989,0.446707975,3013.71892
8995,0.141730763,897.1942829
9004,0.095812828,911.8986094
9010,0.041660727,504.5758381
9012,0.174649385,1426.071782
9018,0.402562698,1083.209551
9036,0.273063053,1328.466819
9037,0.162566994,376.0103528
9040,0.076795645,1545.537799
9041,0.257088649,2715.330638
9044,0.371609055,3016.639779
9045,0.068888185,298.6459601
9047,0.283899831,1281.506255
9049,0.023646232,0
9061,0.017706029,0
9062,0.299575799,2393.513954
9076,0.14782688,791.3617183
9079,0.22055233,1638.504204
9081,0.235254752,1488.42324
9082,0.126523194,1743.14993
9089,0.589379676,1998.190347
9092,0.258218237,2385.065246
9094,0.380830809,3300.952189
9115,0.034973733,25.78718049
9117,0.265122705,1747.726858
9118,0.201398902,2454.909043
9120,0.026223504,0
9124,0.017120022,0
9128,0.273791225,2652.504444
9135,0.379886057,3128.120351
9136,0.774590409,4004.655612
9138,0.388029416,1303.740285
9157,0.404944176,2308.938888
9176,0.063711652,422.1099578
9183,0.261401415,2037.416675
9187,0.453954638,1815.839082
9188,0.361446438,1527.679371
9190,0.140915746,708.5083842
9197,0.032505113,0
9200,0.074560936,0
9201,0.201040411,1213.467264
9203,0.024395783,124.1029538
9212,0.40769941,1450.44485
9213,0.081236405,968.0671292
9214,0.132549038,552.9437604
9217,0.2841234,608.4084703
9219,0.004479087,0
9220,0.166215659,357.5362825
9221,0.156594345,2247.002743
9237,0.015092882,0
9240,0.163761262,1675.991546
9241,0.009055799,0
9248,0.209467424,2153.892851
9253,0.490932437,2726.91339
9259,0.643758452,3398.366252
9267,0.139586004,1568.980106
9271,0.41982202,2641.392137
9273,0.291523521,1093.944814
9285,0.022938421,0
9290,0.106800863,1367.378033
9291,0.124461968,1639.274137
9293,0.062949434,459.302616
9294,0.054724826,19.31157657
9301,0.128077,1045.213908
9302,0.050770884,90.46414592
9312,0.013363536,0
9316,0.306749167,2097.913566
9319,0.680726083,2412.551375
9328,0.051009682,0
9331,0.778000028,2360.508682
9338,0.048773005,356.507756
9350,0.329065105,1655.085884
9356,0.149978911,1273.403968
9359,0.549817609,2426.109485
9362,0.387026839,2647.816692
9364,0.149803399,1460.092382
9370,0.369982001,1814.650604
9380,0.091498823,0
9386,0.132451119,836.1453629
9394,0.281882047,1142.055119
9407,0.405432409,2519.355766
9411,0.746137895,3801.007192
9422,0.448353978,2458.257453
9423,0.366077081,1798.467152
9429,0.345677027,1821.044299
9433,0.189482729,2130.135202
9439,0.035063039,669.9445751
9451,0.181470755,764.6661915
9452,0.461591301,2959.764413
9453,0.015283277,0
9460,0.01607744,0
9465,0.044693345,373.8980568
9470,0.045205622,0
9476,0.478888989,1301.259687
9485,0.63984372,3231.261441
9486,0.070871899,548.5404759
9488,0.34140743,2043.408433
9507,0.009064771,0
9508,0.306877076,3639.174075
9517,0.38214835,1627.074426
9521,0.176691959,1822.984714
9528,0.167330797,1082.588668
9532,0.500596196,2686.379191
9536,0.128160124,1850.466949
9540,0.099809964,324.8372831
9542,0.151395475,1276.591321
9546,0.221021916,2226.718011
9548,0.232430073,1482.52207
9549,0.134667017,1378.332153
9554,0.087492278,1266.826614
9555,0.540021037,2832.165758
9558,0.015420417,233.555283
9573,0.740748573,2678.053011
9575,0.615242432,3665.007262
9584,0.591500805,3134.704272
9586,0.126984635,1411.686195
9588,0.134778098,2222.74552
9591,0.334453799,2092.496522
9592,0.715850266,4140.034252
9597,0.434316667,1965.346273
9600,0.084685381,839.6608149
9603,0.580744839,2367.946511
9605,0.393570831,3189.580516
9614,0.697918013,3731.916403
9616,0.016614548,0
9622,0.685898768,3096.577391
9624,0.187044863,991.3466001
9629,0.396230303,3119.105839
9633,0.042844153,178.7482199
9640,0.292022723,1987.926785
9644,0.381801622,2464.064167
9645,0.556620975,2228.92832
9646,0.079538137,1000.225383
9648,0.952554403,4595.95124
9649,0.044006285,122.0013116
9660,0.185164829,2011.086553
9664,0.383615225,2697.849732
9675,0.057226662,815.1941911
9679,0.686876094,2503.492525
9680,0.500587192,2507.393665
9682,0.063052525,1032.418192
9697,0.025948956,0
9701,0.196196229,1519.797351
9704,0.353793076,1662.174732
9705,0.205470659,1600.343203
9707,0.284956245,217.5419777
9714,0.04117629,0
9718,0.153014503,1086.838586
9722,0.096594175,1762.51498
9739,0.122578653,1444.601211
9747,0.704797605,3068.829421
9751,0.157216194,543.3553481
9757,0.171432074,845.1932453
9759,0.0215986,0
9760,0.086081085,727.5595175
9764,0.547980171,3069.503118
9776,0.4407548,2618.358195
9778,0.191577606,1286.20634
9786,0.070749414,846.256477
9803,0.557115608,2495.113325
9804,0.086506638,187.80789
9815,0.059456366,161.2032338
9824,0.01404895,0
9825,0.181970182,2126.723817
9826,0.329196823,2454.623448
9827,0.029108796,0
9833,0.065732211,152.4302918
9835,0.078919212,0
9860,0.491359662,2244.532563
9865,0.271723854,2029.051353
9871,0.276718924,2304.172681
9874,0.328263444,2146.066762
9880,0.270846561,1945.367377
9882,0.366388422,2966.436302
9885,0.058535875,1202.998949
9888,0.583707383,3514.422217
9892,0.040126128,0
9893,0.222719461,2448.949348
9896,0.27792333,1569.203145
9902,0.05911999,158.0125483
9906,0.100402374,599.8468752
9910,0.268568333,625.017589
9914,0.259358392,1754.433504
9918,0.503026917,1724.754141
9920,0.2287688,1466.159207
9926,0.283251142,1493.725782
9931,0.060794572,545.2131092
9935,0.388224368,2627.62033
9945,0.872425469,3841.00931
9953,0.263121565,1287.638566
9957,0.009482881,0
9963,0.122924436,1126.4661
9972,0.311992572,1984.337855
9976,0.541923343,3349.610693
9979,0.415621583,2969.703565
9980,0.022847355,0
9982,0.082993219,755.3827556
9991,0.740971727,3833.762248
10000,0.267728102,1449.856405
10003,0.30308742,1686.98352
10005,0.912669142,5590.545169
10014,0.029736965,0
10032,0.361986327,2527.94686
10034,0.34395647,2308.29403
10041,0.017200063,0
10042,0.03492742,0
10044,0.055458155,0
10045,0.229947844,1529.849716
10054,0.473494768,3013.904236
10061,0.085256003,662.9923114
10062,0.562246788,2732.1846
10073,0.132021375,489.1411354
10081,0.025279963,0
10084,0.464061963,2419.678367
10086,0.178041812,1653.031072
10093,0.408945355,1881.564977
10101,0.720133746,2793.380638
10105,0.254366884,2252.471032
10110,0.420895593,1590.604946
10113,0.628324091,4291.868764
10115,0.586785711,2460.114813
10119,0.611579467,3019.113747
10121,0.427089043,1378.309077
10124,0.868953308,4000.94989
10126,0.150741236,2327.060754
10127,0.015390928,265.9025535
10145,0.154913544,1199.168281
10147,0.629142031,2466.376277
10148,0.010023669,0
10162,0.292446036,1150.551715
10163,0.02510835,0
10166,0.766422347,4474.585262
10172,0.085708568,688.0660199
10173,0.399400353,2165.632409
10175,0.023224905,0
10180,0.106103952,505.0988291
10186,0.025318392,0
10192,0.487849164,2890.228169
10199,0.302632827,2351.077972
10209,0.938339887,4929.002581
10210,0.231237998,1631.669194
10214,0.047860844,755.5253834
10215,0.226903687,2629.429256
10216,0.723554926,3610.958108
10232,0.31914333,3129.043024
10239,0.315395584,2313.813781
10249,0.039717961,0
10253,0.373125854,2898.956527
10255,0.125312902,1844.047545
10262,0.041590922,616.807156
10264,0.03030743,0
10266,0.171608219,678.8761966
10268,0.219802503,2206.473578
10271,0.152543142,1734.325855
10272,0.313456375,956.4103364
10276,0.397485385,3027.834899
10277,0.020504338,0
10279,0.353182639,807.392288
10281,0.020082148,226.0067408
10285,0.008333123,0
10294,0.245212599,1775.088234
10300,0.152634556,877.3527076